id_student;date;final_result;gender_F;disability_N
6516;269;0;0;1
11391;269;0;0;1
23629;269;0;1;1
23632;0;1;1;1
23798;269;0;0;1
24734;269;0;1;1
25107;269;0;1;1
25629;0;1;1;1
26192;269;0;1;1
26677;0;1;0;1
27457;0;1;1;1
27759;269;0;0;0
27891;124;1;0;0
28061;269;0;0;1
28400;269;0;1;1
29144;269;0;0;1
30091;269;0;1;0
30268;12;1;1;0
31014;115;1;1;1
31600;269;0;1;1
31604;269;0;1;1
31663;269;0;0;1
31849;269;0;1;1
32885;269;0;1;1
33666;140;1;1;1
34229;269;0;1;1
34353;269;0;0;0
34431;116;1;1;1
34694;0;1;0;1
34756;59;1;1;1
34863;269;0;1;1
35812;269;0;1;1
37622;269;0;1;1
38053;269;0;0;1
38234;269;0;1;1
39655;269;0;1;1
45462;269;0;0;1
45642;269;0;1;1
46844;269;0;0;1
47855;99;1;1;1
48040;269;0;1;1
48503;269;0;1;1
50993;269;0;1;0
51301;45;1;1;0
52130;269;0;1;1
52765;269;0;1;1
52797;269;0;1;1
52899;254;0;1;1
53025;269;0;0;1
53360;10;1;1;1
54388;0;1;0;1
55026;269;0;1;0
55104;269;0;1;1
56340;269;0;1;1
56789;269;0;1;1
57079;269;0;1;1
57369;0;1;0;1
57506;269;0;0;1
58071;269;0;0;1
58089;269;0;1;1
58316;269;0;1;1
58873;269;0;1;1
59185;269;0;0;1
61118;0;1;1;1
62155;269;0;1;1
62487;269;0;1;1
62631;269;0;1;1
63044;269;0;1;1
63165;269;0;0;1
63400;269;0;0;1
64246;0;1;1;1
65002;215;0;1;1
65807;0;1;1;1
67863;0;1;1;1
68556;269;0;1;1
69843;0;1;1;1
70011;269;0;1;1
70464;269;0;1;1
70608;269;0;1;1
71361;269;0;0;1
71433;269;0;1;1
72057;0;1;1;1
72070;0;1;0;1
73489;269;0;1;1
74169;0;1;0;1
74372;269;0;0;1
74585;269;0;1;1
74695;269;0;1;1
74734;269;0;1;1
75091;269;0;0;1
75255;269;0;0;1
75399;269;0;1;1
77367;269;0;0;1
78255;44;1;1;1
78645;269;0;1;1
79378;269;0;1;0
79403;164;1;0;1
80717;269;0;1;1
82535;269;0;1;1
82741;269;0;1;1
83254;269;0;1;1
84245;269;0;0;1
84664;269;0;1;1
84812;269;0;1;1
85092;269;0;1;1
85144;269;0;0;1
85302;269;0;0;1
86291;177;0;1;1
87431;235;1;0;1
87604;0;1;1;1
87732;269;0;0;1
88580;0;1;1;1
90243;269;0;1;1
91265;269;0;0;1
91322;269;0;1;1
92274;131;1;1;1
92832;269;0;1;1
92947;269;0;1;1
92993;269;0;1;1
94616;269;0;1;1
94961;265;0;0;1
95755;244;1;0;1
96291;26;1;1;1
96475;269;0;0;1
97154;269;0;1;1
97567;269;0;1;1
98094;269;0;0;1
98268;269;0;1;1
98313;269;0;1;1
98720;269;0;1;0
100282;39;1;1;1
100893;269;0;0;1
101116;269;0;1;1
101781;269;0;0;1
102806;269;0;0;1
102849;0;1;1;1
102952;269;0;0;1
104054;269;0;1;1
104476;269;0;0;1
105527;269;0;1;1
105851;269;0;1;0
105883;269;0;1;1
106247;150;1;0;1
106577;269;0;0;1
106588;269;0;1;1
107489;269;0;1;1
108118;269;0;1;1
108377;269;0;1;0
108589;269;0;1;1
108760;269;0;1;1
108872;269;0;0;1
109155;269;0;1;1
109372;269;0;1;1
109782;160;1;1;1
109938;269;0;1;1
110175;269;0;0;1
110881;269;0;1;1
111512;269;0;0;1
111717;269;0;1;1
111942;269;0;1;1
113295;269;0;0;1
114017;269;0;1;1
114999;269;0;0;1
116541;269;0;0;1
116603;269;0;1;1
116692;269;0;0;1
117071;269;0;0;1
117818;269;0;1;1
118983;269;0;0;1
119898;269;0;1;1
119902;207;1;1;1
120994;269;0;1;0
121349;269;0;1;1
122524;269;0;1;1
123044;269;0;0;1
123379;0;1;1;1
123716;269;0;0;1
123860;269;0;1;0
124064;269;0;1;1
124909;269;0;0;1
125018;269;0;0;1
125874;0;1;1;0
126322;269;0;1;1
126411;269;0;1;0
127209;0;1;1;0
127582;269;0;1;1
128386;269;0;0;1
128776;23;1;1;1
128889;269;0;1;1
129955;141;1;0;1
130034;269;0;1;1
130547;269;0;1;1
130636;269;0;0;1
131051;269;0;1;1
131390;269;0;0;1
132626;129;1;1;1
132976;269;0;1;1
133155;269;0;1;1
133269;0;1;1;0
133531;269;0;1;1
133748;269;0;1;1
133816;269;0;1;1
133922;269;0;0;1
134143;269;0;1;1
134563;269;0;1;1
135335;24;1;1;1
135400;233;0;1;0
135471;269;0;0;1
137873;269;0;0;1
138289;269;0;1;1
138920;269;0;1;1
139033;269;0;0;1
139549;269;0;1;0
141355;269;0;1;1
141377;241;0;0;1
141506;269;0;0;1
141823;74;1;1;1
141949;269;0;1;1
142324;269;0;1;1
142326;269;0;1;1
143741;269;0;1;0
143854;0;1;1;1
144801;269;0;1;1
145130;269;0;0;1
145544;269;0;0;1
146165;269;0;1;1
146188;269;0;1;0
146503;269;0;0;0
146600;269;0;1;1
147756;269;0;0;1
147793;59;1;1;1
147876;269;0;0;1
148993;269;0;1;0
149741;269;0;1;1
149962;269;0;0;1
151358;269;0;1;1
151587;215;1;1;1
151697;269;0;1;0
151800;269;0;1;1
151917;269;0;1;1
152153;145;1;1;1
152668;103;1;1;1
152867;15;1;1;0
152910;269;0;0;1
152929;269;0;1;1
153212;269;0;1;1
153704;193;0;1;1
154011;269;0;1;1
154027;269;0;1;1
154125;269;0;1;1
154540;269;0;1;1
154570;116;1;1;1
155550;269;0;0;1
155735;10;1;1;1
155854;269;0;1;1
155984;243;0;1;1
156311;269;0;1;1
156788;0;1;0;1
156835;269;0;1;1
157060;269;0;1;1
157568;269;0;1;1
157795;269;0;0;1
158707;172;1;1;1
159954;201;1;0;1
161491;269;0;1;1
161678;269;0;1;1
162646;269;0;1;1
164259;269;0;0;1
164944;269;0;1;0
165226;269;0;1;1
165243;269;0;0;1
165823;17;1;1;1
167906;269;0;1;1
167961;269;0;0;1
168936;269;0;1;1
169213;269;0;1;1
169515;100;1;1;1
170356;59;1;1;1
171377;269;0;1;1
172112;269;0;0;1
172797;269;0;1;1
173316;269;0;1;1
173335;269;0;1;1
174024;269;0;0;1
174094;269;0;1;0
174222;269;0;1;1
174321;0;1;1;1
174440;269;0;1;1
174487;269;0;1;1
174745;269;0;1;1
174782;269;0;0;1
175392;269;0;0;1
175447;269;0;0;1
175772;66;1;1;1
175932;269;0;0;1
175991;269;0;1;1
177639;6;1;1;1
178738;269;0;1;1
178963;269;0;0;0
179254;269;0;1;1
179605;43;1;1;1
180753;269;0;0;1
181316;66;1;1;1
182661;269;0;1;1
182824;269;0;1;1
183057;269;0;0;1
183096;269;0;1;1
183806;269;0;1;0
183947;269;0;0;1
184236;0;1;0;0
184271;269;0;0;1
184897;0;1;1;1
185240;0;1;1;1
185349;269;0;1;1
185350;269;0;0;1
185439;269;0;0;1
185597;0;1;1;1
186149;269;0;0;1
186670;269;0;1;1
186780;9;1;1;0
186988;269;0;1;1
187100;269;0;0;1
187793;269;0;1;0
188026;269;0;1;1
188152;269;0;0;1
188278;266;0;0;1
189095;269;0;1;1
189879;269;0;0;1
191269;269;0;1;1
192183;269;0;1;1
192424;269;0;0;1
193215;269;0;1;1
193822;269;0;1;0
195096;269;0;1;1
195262;183;1;0;1
195938;269;0;1;1
197240;269;0;1;1
197412;269;0;1;1
197595;269;0;1;1
197759;269;0;1;1
198339;52;1;1;0
198956;269;0;0;1
199029;269;0;1;1
199520;269;0;1;1
199636;269;0;0;1
199663;269;0;0;1
199897;269;0;0;1
200804;269;0;0;1
200860;269;0;0;1
200863;9;1;1;1
200905;269;0;1;1
202635;143;1;1;1
202879;269;0;1;1
203108;269;0;1;1
203481;269;0;1;1
203640;269;0;0;1
203652;269;0;1;0
204746;269;0;1;1
205231;269;0;1;1
205350;269;0;0;1
205494;269;0;0;1
205719;269;0;0;0
205788;269;0;1;0
226374;269;0;0;1
226827;269;0;1;1
227416;269;0;0;1
227499;269;0;1;1
227517;269;0;0;1
228021;269;0;0;1
228049;0;1;1;1
228082;269;0;0;1
228222;269;0;0;1
228235;0;1;1;1
228243;0;1;0;1
228383;269;0;0;1
228513;0;1;1;1
229179;269;0;0;1
229240;269;0;1;1
229361;269;0;0;1
229426;269;0;1;1
230081;269;0;1;1
230348;0;1;1;1
231554;269;0;0;1
231959;174;1;1;1
232307;269;0;0;1
232600;0;1;1;1
232695;269;0;1;1
232745;0;1;1;0
233102;0;1;1;1
233317;269;0;1;1
233752;269;0;1;1
233957;269;0;1;1
234929;269;0;1;1
235068;269;0;1;1
235097;269;0;1;0
235258;0;1;1;0
235428;0;1;0;1
235507;245;0;0;1
236284;269;0;0;1
236875;269;0;0;1
237274;269;0;0;1
237304;269;0;0;1
237913;269;0;1;1
238007;269;0;0;1
238825;0;1;1;1
240712;269;0;0;1
240884;269;0;0;1
240993;269;0;1;0
241338;269;0;1;1
241649;269;0;0;1
241729;269;0;1;1
242149;126;1;1;1
242793;269;0;0;1
242893;129;1;1;1
243047;0;1;0;1
243510;269;0;1;1
243851;269;0;1;0
243909;269;0;1;1
243992;269;0;1;1
244246;269;0;1;1
244917;0;1;1;1
245404;269;0;1;1
245987;269;0;1;0
246834;269;0;0;1
247267;269;0;0;1
247902;269;0;1;1
248103;269;0;1;1
248270;269;0;0;1
248581;269;0;1;1
248653;269;0;0;1
248716;269;0;1;1
248800;25;1;1;0
249534;269;0;1;1
251351;269;0;1;1
251815;269;0;1;0
252073;269;0;1;1
252257;269;0;1;1
252340;269;0;1;0
252652;109;1;1;1
253250;18;1;1;1
253577;269;0;1;1
254625;269;0;0;1
255347;269;0;1;1
255548;269;0;0;1
255998;269;0;1;1
256215;0;1;1;0
256815;269;0;0;1
256998;269;0;1;1
258035;269;0;1;1
258392;269;0;1;1
258402;0;1;1;1
258587;269;0;0;1
258894;269;0;1;1
259182;0;1;0;1
260179;269;0;1;1
260355;163;1;1;1
260623;269;0;0;1
261332;269;0;0;0
261466;269;0;1;1
262011;269;0;0;1
262294;200;1;1;0
262454;269;0;1;0
262639;269;0;1;1
262741;269;0;1;1
262934;269;0;1;1
263251;269;0;0;1
263499;269;0;1;1
263531;0;1;1;1
263543;269;0;0;1
263952;269;0;0;1
264152;269;0;1;1
264744;269;0;1;1
264842;0;1;1;0
265170;269;0;1;1
265405;0;1;1;1
265958;95;1;1;1
266331;269;0;1;1
266524;269;0;1;1
266564;269;0;1;1
266744;108;1;1;1
267761;269;0;1;1
267853;269;0;1;1
268073;269;0;0;1
268589;269;0;1;0
268733;185;1;0;1
269076;41;1;1;1
269082;269;0;1;1
269204;269;0;1;1
269289;0;1;1;1
270399;269;0;1;1
270567;269;0;1;1
270646;269;0;1;1
271036;269;0;1;1
271251;269;0;0;1
271346;62;1;1;1
272172;269;0;1;1
272580;269;0;1;1
272617;46;1;1;0
273346;269;0;0;1
273731;269;0;1;1
273877;269;0;0;1
274247;269;0;1;0
274577;0;1;1;1
274947;229;1;0;1
274971;269;0;1;1
275674;122;1;1;1
275792;269;0;1;1
276717;269;0;1;1
276925;142;1;1;1
277123;269;0;1;1
277537;269;0;0;1
277733;269;0;1;0
277812;269;0;1;1
277880;177;1;1;1
278272;269;0;0;1
278447;269;0;1;1
278773;0;1;1;1
278794;269;0;1;0
279572;269;0;0;1
280140;269;0;1;0
280151;269;0;1;0
280439;0;1;1;1
280962;269;0;1;1
281022;269;0;1;1
281077;269;0;1;1
281250;269;0;0;1
281564;269;0;1;1
281589;269;0;0;1
281636;269;0;1;1
282038;38;1;1;1
282785;52;1;1;1
282821;269;0;0;1
284076;269;0;1;1
284906;269;0;1;1
285050;269;0;0;1
285315;269;0;0;1
285633;269;0;1;0
285912;269;0;1;1
286402;269;0;1;1
286488;269;0;0;1
286690;269;0;1;1
287040;269;0;1;1
287107;269;0;1;1
287204;269;0;0;1
287210;269;0;0;1
287309;269;0;1;1
287548;269;0;0;1
287679;269;0;1;1
288380;269;0;1;0
288990;54;1;0;1
288994;269;0;0;1
289449;269;0;0;1
289753;52;1;1;0
289965;269;0;1;1
290089;269;0;0;1
290164;269;0;1;1
290201;269;0;0;1
290550;269;0;1;1
290757;269;0;0;1
291037;269;0;1;1
291194;269;0;1;1
291334;269;0;0;1
291544;269;0;1;0
291701;0;1;1;1
292027;22;1;0;1
292525;269;0;0;1
292537;269;0;1;1
292775;269;0;0;1
292923;0;1;1;1
293699;269;0;0;1
293712;269;0;1;1
293754;269;0;0;1
293760;269;0;1;1
293824;269;0;1;1
294381;269;0;1;1
294496;269;0;0;0
294570;269;0;0;1
294594;269;0;0;1
294655;269;0;0;1
294961;269;0;1;1
294999;64;1;0;1
295060;269;0;0;1
295075;269;0;0;1
295741;269;0;0;1
295754;269;0;1;1
296332;269;0;0;1
296408;0;1;1;0
296424;269;0;0;1
297484;269;0;1;1
298034;269;0;0;1
298322;269;0;1;1
298476;269;0;1;1
298696;269;0;1;1
298838;269;0;1;1
299561;0;1;1;0
300398;269;0;0;1
301583;269;0;1;1
301967;269;0;0;1
301987;269;0;1;1
302302;269;0;1;1
302476;269;0;0;1
302550;0;1;0;1
303331;170;1;1;1
303521;269;0;1;1
303617;269;0;1;1
303985;269;0;1;1
304069;44;1;1;1
304465;269;0;1;1
304795;0;1;1;1
305152;269;0;0;1
305173;269;0;0;1
305386;269;0;0;0
305539;0;1;1;1
305547;0;1;1;1
305812;15;1;1;1
305935;269;0;1;1
305945;20;1;1;1
306107;269;0;0;1
306466;269;0;0;1
306646;269;0;0;1
306886;269;0;1;1
306897;269;0;1;1
306964;269;0;1;0
306984;17;1;0;1
307061;269;0;1;1
307193;269;0;0;1
307230;56;1;1;1
307866;269;0;0;1
308359;39;1;1;1
308509;269;0;1;1
308703;100;1;1;1
308852;82;1;1;1
309142;269;0;1;1
309175;269;0;1;1
309709;269;0;0;1
309734;269;0;1;1
310125;129;1;1;1
310412;269;0;1;1
310933;269;0;1;1
311042;33;1;1;1
311235;269;0;0;1
311659;269;0;0;1
311917;269;0;0;1
312141;269;0;1;1
312531;0;1;1;1
312537;269;0;0;1
312782;269;0;0;1
313810;269;0;1;1
313937;269;0;0;1
314850;89;1;1;1
315076;269;0;0;1
315105;269;0;0;1
315186;269;0;1;1
315744;269;0;0;1
316076;269;0;1;0
316841;269;0;1;1
318056;269;0;1;1
318101;269;0;1;1
318848;269;0;1;1
318933;269;0;1;1
319047;269;0;1;1
319209;269;0;1;1
319618;269;0;1;1
320051;269;0;1;1
320757;269;0;0;1
321942;269;0;0;1
322728;10;1;1;1
322745;269;0;1;1
322960;67;1;1;1
323090;269;0;1;1
323370;269;0;1;1
323606;269;0;1;1
323805;0;1;1;1
323914;269;0;1;1
324002;269;0;0;1
324084;269;0;1;1
324236;139;1;1;1
324282;269;0;0;1
324319;16;1;1;1
324614;90;1;1;1
325511;269;0;1;1
325879;269;0;1;1
325887;269;0;0;0
326012;269;0;1;1
328024;269;0;0;1
328734;0;1;1;1
329030;269;0;0;1
329192;269;0;1;1
329226;269;0;0;1
329321;269;0;1;1
329659;269;0;1;0
329800;269;0;0;1
330376;5;1;1;1
330594;269;0;0;1
331354;269;0;1;1
331358;269;0;1;1
331844;269;0;1;1
332257;22;1;1;1
332789;269;0;1;1
332884;269;0;0;1
333059;269;0;0;1
333117;93;1;1;1
333129;269;0;1;1
333323;269;0;0;1
333651;118;1;1;1
333837;37;1;1;1
334259;269;0;1;1
334291;269;0;1;1
334333;63;1;1;0
334441;269;0;0;1
334794;38;1;1;1
335136;269;0;1;1
335247;269;0;0;1
335421;269;0;1;1
335481;269;0;1;1
335600;269;0;1;1
335764;269;0;1;1
335910;269;0;1;1
336165;269;0;1;1
336207;269;0;0;1
336478;269;0;1;1
336646;269;0;1;1
337151;269;0;1;1
337748;52;1;1;1
338056;269;0;1;1
338407;269;0;0;1
338741;269;0;1;1
338861;269;0;1;1
338878;0;1;1;1
338912;0;1;1;1
339379;269;0;1;1
339494;269;0;0;1
339526;8;1;1;1
339608;269;0;1;1
339656;0;1;1;1
339946;133;1;1;1
339972;269;0;0;1
340378;8;1;1;1
340661;0;1;0;0
340831;178;1;0;1
340911;269;0;1;1
340965;269;0;1;1
341040;94;1;0;1
341229;269;0;1;0
341235;0;1;0;1
341509;269;0;1;0
341612;0;1;1;1
341872;269;0;0;1
341876;68;1;0;1
342007;257;0;1;1
342514;269;0;0;1
342678;0;1;1;1
342685;269;0;1;0
342972;269;0;0;1
343446;269;0;0;1
344282;269;0;0;1
344568;269;0;1;1
345068;269;0;0;0
345083;70;1;1;0
345128;269;0;1;1
345357;269;0;0;1
345440;269;0;0;1
345519;269;0;1;1
346025;269;0;0;1
346118;269;0;1;1
346843;269;0;1;1
348275;106;1;0;1
348807;269;0;0;1
349040;88;1;1;1
349424;269;0;1;1
349554;269;0;1;1
349675;269;0;1;1
350156;269;0;0;1
350188;269;0;0;1
350622;269;0;1;1
350795;269;0;0;1
350939;269;0;0;1
351271;269;0;1;1
351290;269;0;1;1
351336;269;0;1;1
351543;269;0;1;1
352112;269;0;1;1
352161;59;1;1;1
352339;108;1;1;0
352364;269;0;1;1
352688;269;0;1;1
353093;269;0;1;1
353352;269;0;1;1
353665;269;0;0;1
353918;0;1;1;1
354058;269;0;1;1
354170;269;0;1;1
354779;269;0;1;1
354815;0;1;1;1
354858;1;1;0;1
354895;107;1;1;1
355369;59;1;1;1
355591;0;1;1;0
355692;0;1;0;1
355998;269;0;1;1
356170;269;0;0;1
357030;51;1;1;1
357038;269;0;1;1
357668;269;0;0;1
357928;269;0;1;1
358182;269;0;0;1
358289;0;1;0;0
359170;0;1;1;1
360101;0;1;1;1
360188;269;0;1;1
360489;132;1;1;0
360876;269;0;1;1
360877;269;0;0;1
361603;269;0;0;1
361988;0;1;1;1
362760;269;0;1;1
362877;46;1;1;1
362907;269;0;1;1
363151;0;1;0;0
363401;269;0;0;1
363416;269;0;1;1
363660;269;0;0;1
363711;0;1;1;1
364073;269;0;1;1
364177;269;0;0;1
364185;0;1;1;1
364323;0;1;1;1
364666;269;0;1;1
364871;269;0;1;1
364957;269;0;1;1
365060;40;1;1;1
365169;269;0;1;1
365244;269;0;1;1
365288;269;0;1;1
365439;269;0;1;1
365452;269;0;1;0
365488;269;0;1;1
365631;269;0;1;1
365642;269;0;0;1
365707;269;0;1;1
366483;269;0;0;1
366524;269;0;1;1
366821;269;0;1;1
367304;269;0;1;1
367348;269;0;1;1
367433;269;0;1;1
367609;269;0;0;1
368077;269;0;1;1
368194;269;0;1;0
368439;269;0;1;1
368824;269;0;0;1
368963;269;0;0;1
369212;0;1;1;1
369507;17;1;1;1
369834;227;1;0;1
369986;269;0;1;1
370302;269;0;0;1
370307;54;1;1;0
370720;269;0;1;1
370859;269;0;1;1
371530;269;0;1;1
371679;269;0;1;1
371710;269;0;0;1
371888;18;1;1;1
372172;269;0;1;1
372624;0;1;1;0
372658;269;0;1;1
373174;269;0;1;1
373269;269;0;1;1
373633;0;1;1;1
373807;269;0;1;1
373848;269;0;1;1
373872;269;0;1;1
374038;269;0;1;1
374102;269;0;1;0
374234;269;0;1;1
375260;269;0;0;1
375312;0;1;1;1
375646;269;0;0;1
375960;269;0;1;1
376439;269;0;0;1
376581;269;0;1;1
376617;269;0;0;1
377546;269;0;0;0
377695;0;1;1;1
377759;269;0;1;0
377846;269;0;0;1
377905;269;0;1;1
378462;269;0;1;1
378543;269;0;0;1
378721;61;1;1;1
379210;269;0;0;1
379402;269;0;1;1
379405;0;1;1;1
379983;269;0;1;1
380151;35;1;1;0
380205;269;0;1;1
380240;269;0;1;1
380953;269;0;0;1
381541;269;0;1;1
381640;269;0;1;1
381642;210;1;1;1
381669;269;0;1;1
381722;46;1;1;1
382095;269;0;0;1
382575;269;0;0;1
382920;269;0;1;1
382979;269;0;1;1
383180;158;1;1;1
383254;269;0;0;1
383303;269;0;1;1
383571;269;0;1;1
383600;269;0;0;1
383723;269;0;0;1
383828;3;1;1;1
384203;269;0;0;1
384678;269;0;0;1
384725;269;0;1;1
384909;121;1;1;1
385034;57;1;1;1
385040;269;0;1;0
385820;269;0;1;0
386348;269;0;0;0
386889;269;0;1;0
386904;0;1;0;1
386924;269;0;0;1
386952;269;0;0;1
386957;269;0;1;1
387276;0;1;1;1
387378;0;1;1;1
387533;269;0;0;1
387700;269;0;1;1
387702;269;0;1;1
387954;18;1;1;1
388014;0;1;1;1
388052;269;0;1;0
388147;269;0;1;1
388205;269;0;1;1
388360;269;0;1;1
388410;269;0;1;1
388432;269;0;1;1
388484;269;0;1;1
388549;269;0;1;1
388722;269;0;1;1
388885;269;0;0;1
388975;269;0;1;1
389101;269;0;1;1
389369;269;0;0;1
389471;269;0;1;0
390220;269;0;1;1
390442;269;0;1;0
390461;269;0;1;1
390890;258;0;0;1
390958;269;0;1;1
391249;269;0;0;1
392060;269;0;1;0
392213;269;0;1;1
392281;191;0;1;1
392428;269;0;1;1
392614;269;0;1;1
392756;269;0;0;1
392931;269;0;1;1
393207;269;0;0;1
393327;242;0;1;0
394956;36;1;1;1
395073;269;0;1;0
395107;0;1;1;1
395229;269;0;1;0
395358;0;1;1;1
395715;114;1;1;1
396114;269;0;1;1
396256;0;1;1;1
396599;269;0;1;0
396655;269;0;1;0
396872;269;0;0;1
397118;269;0;1;1
397590;269;0;1;0
397763;30;1;1;0
398067;269;0;1;1
398084;269;0;1;1
398171;269;0;1;1
398315;269;0;1;1
398349;269;0;1;1
398525;269;0;1;1
398552;269;0;0;1
398891;269;0;0;1
398949;0;1;1;1
398956;269;0;1;1
398965;0;1;1;0
399108;0;1;1;1
399792;269;0;0;0
400049;269;0;1;1
400147;269;0;0;1
400469;269;0;1;1
400474;269;0;1;1
400682;269;0;1;1
400718;0;1;1;1
400894;269;0;1;1
401319;0;1;1;0
401339;269;0;1;1
401349;269;0;1;1
401404;269;0;0;1
401869;269;0;1;1
402204;269;0;0;1
402470;269;0;0;1
402660;0;1;1;1
402727;269;0;1;0
402961;269;0;1;1
402993;269;0;1;1
403093;269;0;1;0
403191;0;1;0;1
404022;269;0;1;1
404269;269;0;1;1
404356;269;0;1;1
404671;269;0;1;1
404708;269;0;1;1
404727;269;0;1;1
404804;269;0;0;1
405088;269;0;0;1
405471;269;0;0;1
405746;46;1;1;1
405945;269;0;1;1
405961;0;1;0;0
405995;269;0;1;1
406311;269;0;0;1
406416;46;1;1;1
406671;269;0;0;1
406682;269;0;0;1
406974;158;1;0;1
408106;269;0;1;1
408112;269;0;1;0
408975;269;0;1;1
409100;269;0;0;1
409160;269;0;1;0
409662;269;0;1;1
409698;57;1;1;1
409703;269;0;0;1
409930;269;0;1;1
409945;269;0;1;1
410052;269;0;1;1
410092;269;0;1;1
410281;269;0;1;1
410357;269;0;1;1
410537;269;0;1;1
410739;269;0;1;1
410842;269;0;1;1
411126;269;0;1;1
411197;269;0;1;1
411226;57;1;1;1
411642;269;0;1;1
411971;269;0;0;1
412407;269;0;0;1
412654;269;0;0;1
413052;14;1;1;0
413248;269;0;0;1
413984;269;0;1;1
414028;269;0;1;1
414117;269;0;0;1
414350;269;0;1;0
414495;269;0;0;1
414958;269;0;1;1
415216;269;0;1;1
415546;269;0;1;1
415548;0;1;1;1
415698;0;1;1;1
415716;269;0;1;1
415760;269;0;1;1
415969;164;0;0;1
416007;269;0;1;1
416314;269;0;0;1
416654;269;0;1;1
417462;269;0;1;1
417657;269;0;1;1
417677;0;1;1;1
417785;269;0;1;1
417967;0;1;1;1
418065;52;1;0;1
418325;269;0;1;1
418731;269;0;0;1
419375;269;0;1;1
420087;269;0;0;0
420163;269;0;1;1
420604;269;0;1;1
420724;269;0;1;1
421018;269;0;1;1
421205;269;0;1;1
421455;269;0;1;1
422070;269;0;1;1
422223;269;0;1;1
422479;269;0;1;1
422505;0;1;1;1
422752;9;1;1;0
423314;269;0;0;1
423317;32;1;1;1
423399;269;0;0;1
423871;269;0;1;1
424014;0;1;1;1
424539;269;0;1;1
424577;269;0;0;1
424637;269;0;1;1
425747;269;0;1;1
425808;269;0;1;1
425817;145;1;0;1
425820;269;0;1;1
426458;269;0;1;1
426650;269;0;1;1
426838;269;0;1;1
427536;269;0;1;1
427683;136;1;1;1
427704;269;0;0;0
427773;269;0;1;1
427921;269;0;1;1
428323;269;0;1;1
428653;269;0;0;1
429038;269;0;1;1
429158;0;1;1;1
429494;269;0;1;1
429610;269;0;1;1
429858;269;0;0;1
429958;269;0;1;1
430160;5;1;0;1
430352;0;1;1;1
430357;269;0;1;1
430392;269;0;1;1
430708;269;0;1;1
431025;269;0;0;1
431071;163;1;1;1
432004;269;0;1;1
432144;269;0;1;1
432232;269;0;1;1
432237;269;0;1;1
432319;82;1;1;1
432870;269;0;0;1
433280;269;0;1;1
433531;269;0;1;1
433755;269;0;0;1
433864;269;0;0;1
433939;269;0;1;1
434035;0;1;1;1
434094;269;0;1;1
434192;269;0;1;1
434353;269;0;1;1
434397;269;0;1;1
434585;269;0;1;1
434646;269;0;1;1
435245;269;0;1;1
435803;269;0;1;1
437030;0;1;1;0
437562;269;0;1;1
437967;269;0;1;1
438068;269;0;1;1
438210;17;1;1;1
438379;0;1;1;1
438551;269;0;0;1
438703;269;0;1;1
439182;269;0;1;1
439294;269;0;1;1
439305;269;0;0;1
439684;0;1;1;1
439857;269;0;0;1
440057;269;0;1;1
440225;269;0;1;1
440319;159;1;1;1
440509;269;0;1;1
440563;269;0;1;1
440593;269;0;0;1
440751;0;1;0;1
440765;269;0;1;1
441000;269;0;1;1
441018;269;0;1;1
441181;269;0;1;1
441255;269;0;1;1
441423;0;1;1;1
441888;269;0;0;1
442012;269;0;1;1
442064;269;0;1;1
442132;269;0;0;1
442143;22;1;1;1
442144;0;1;1;1
442183;269;0;1;1
442442;163;1;0;1
442456;269;0;0;1
442466;269;0;1;0
442910;269;0;1;1
443108;187;1;1;1
443288;269;0;1;1
443452;269;0;0;1
443923;176;1;1;1
444117;269;0;1;1
444225;269;0;1;1
444408;269;0;1;0
444677;269;0;0;1
444729;0;1;1;1
444784;269;0;1;1
444821;269;0;1;1
444926;269;0;1;0
444960;20;1;1;1
445065;269;0;1;1
445125;269;0;1;1
445230;2;1;1;1
445351;142;1;1;1
445760;269;0;1;1
445889;269;0;1;1
446045;269;0;1;1
446108;269;0;0;1
446145;269;0;0;1
446247;33;1;1;1
446345;269;0;1;1
446357;53;1;1;1
446856;269;0;1;1
446873;269;0;1;1
447007;72;1;1;1
447086;269;0;0;1
447481;269;0;0;1
447516;269;0;1;1
447759;269;0;1;0
447782;269;0;0;1
447790;106;1;1;1
464525;269;0;0;1
465599;269;0;1;1
465730;131;0;1;1
466037;269;0;1;1
466202;269;0;1;1
466477;269;0;1;1
466800;261;0;1;1
466810;269;0;1;0
466854;269;0;1;1
466959;269;0;0;1
466973;269;0;1;1
467035;269;0;1;1
467179;11;1;1;0
467292;269;0;1;1
467330;0;1;1;0
467396;0;1;1;1
467606;107;1;1;0
467721;0;1;1;1
467756;269;0;1;1
467835;19;1;1;1
468021;269;0;1;1
468120;269;0;0;1
468187;269;0;0;1
468482;18;1;1;0
468694;240;1;0;1
468792;59;1;1;1
468949;269;0;1;0
469683;269;0;1;1
469878;269;0;1;1
470318;269;0;1;1
470588;181;1;0;1
470653;269;0;1;1
470869;269;0;1;1
470982;269;0;1;1
471196;269;0;1;1
471219;269;0;1;1
471434;96;1;1;1
471525;269;0;1;1
471711;269;0;1;1
472182;115;1;1;0
472262;269;0;1;1
472327;269;0;0;1
472348;87;1;1;1
472586;269;0;1;1
473095;269;0;1;1
473328;269;0;1;1
473509;0;1;0;1
474071;269;0;0;0
475078;0;1;1;1
475095;269;0;0;1
475215;91;1;1;1
475241;269;0;1;0
475460;269;0;1;1
475594;269;0;1;0
475682;0;1;1;1
475688;269;0;0;0
475901;269;0;1;1
476037;207;1;1;1
476201;269;0;0;1
476278;269;0;1;1
476297;184;1;1;1
476369;269;0;1;1
476457;46;1;1;1
476596;269;0;1;1
476603;269;0;0;1
476709;269;0;1;1
476710;269;0;1;0
476783;269;0;1;1
476816;123;0;1;1
476855;67;1;1;1
476859;269;0;1;1
477009;269;0;1;1
477011;269;0;1;1
477164;269;0;0;1
477167;269;0;1;1
477319;77;1;1;1
477734;269;0;1;1
477825;269;0;1;1
477835;125;1;1;1
478069;269;0;1;1
478317;228;1;1;1
478444;269;0;1;1
478718;44;0;1;1
478792;269;0;1;1
478873;269;0;1;1
478967;269;0;1;1
479020;269;0;1;1
479060;269;0;1;1
479170;269;0;1;1
479171;269;0;1;1
479267;0;1;1;0
479305;269;0;1;1
479343;269;0;1;1
479516;269;0;1;1
479519;269;0;1;1
479853;269;0;1;1
480151;0;1;1;1
480382;269;0;0;1
480458;269;0;0;1
480507;269;0;1;1
480554;269;0;1;1
480650;269;0;1;1
480667;131;1;1;1
480815;269;0;1;1
480888;269;0;1;1
481010;269;0;1;1
481022;269;0;0;1
481143;269;0;1;1
481448;269;0;1;1
481580;269;0;1;1
481607;269;0;1;1
482356;269;0;1;1
482467;269;0;1;1
482556;0;1;1;1
482680;269;0;0;0
482710;269;0;0;1
482766;269;0;1;1
482810;269;0;1;1
482945;96;1;0;0
483064;269;0;1;1
483074;269;0;1;1
483109;269;0;1;1
483135;0;1;1;1
483243;269;0;1;0
483309;39;1;0;1
483339;0;1;0;1
483371;165;1;1;1
483411;269;0;1;1
483479;269;0;1;1
483646;269;0;1;1
483703;91;1;1;1
483744;163;1;1;0
483800;269;0;1;1
483876;269;0;1;1
483952;269;0;1;1
484039;269;0;1;1
484135;241;0;1;1
484161;269;0;1;1
484301;269;0;1;0
484412;269;0;1;1
484446;0;1;1;1
484768;269;0;1;1
484885;269;0;1;1
484897;269;0;1;1
484933;269;0;1;1
485006;269;0;1;0
485352;0;1;1;1
485399;269;0;1;1
485439;89;1;1;0
485534;269;0;1;1
485560;0;1;1;1
485568;269;0;1;1
485630;269;0;1;1
485762;269;0;1;1
485772;269;0;1;1
485782;269;0;1;1
485962;269;0;1;1
486004;269;0;1;1
486099;269;0;1;1
486214;0;1;1;1
486282;269;0;1;0
486391;269;0;1;1
486457;269;0;1;1
486521;269;0;1;1
486550;0;1;1;1
486650;10;1;1;1
486656;269;0;1;1
487214;269;0;1;1
487329;269;0;1;1
487371;269;0;1;1
487646;269;0;1;1
487681;269;0;1;1
488176;0;1;1;1
488185;269;0;1;1
488195;269;0;1;1
488364;269;0;1;1
488382;0;1;1;1
488425;269;0;0;1
488427;269;0;1;1
488477;64;1;1;1
488863;269;0;1;1
488908;0;1;1;0
488929;0;1;1;0
488990;269;0;0;1
489251;269;0;1;1
489320;269;0;1;0
489455;269;0;1;1
489889;269;0;0;1
489966;0;1;1;1
490110;3;1;1;1
490152;269;0;1;1
490500;269;0;1;1
490514;269;0;1;1
490677;269;0;1;1
490733;0;1;1;1
490894;269;0;1;1
491097;269;0;1;0
491279;269;0;1;0
491758;0;1;1;1
491907;269;0;1;1
491966;269;0;1;1
492153;269;0;1;0
492182;269;0;1;1
492229;0;1;1;0
492240;269;0;1;1
492247;200;1;0;1
492286;269;0;1;1
492336;0;1;0;1
492478;106;1;1;1
492590;269;0;1;1
492726;269;0;1;1
492946;269;0;1;1
493186;269;0;1;1
493377;53;1;1;0
493451;269;0;1;1
493453;269;0;1;1
493465;269;0;1;1
493515;269;0;1;0
493672;0;1;1;1
493773;269;0;0;1
493891;0;1;1;1
493912;269;0;1;1
493958;269;0;1;1
493999;269;0;1;1
494095;269;0;1;1
494214;269;0;1;1
494278;269;0;1;1
494304;269;0;1;1
494424;269;0;1;1
494471;269;0;1;1
494673;269;0;1;1
494786;269;0;1;1
494789;269;0;1;1
494838;269;0;1;1
494840;23;1;1;1
494896;31;1;1;1
494927;74;1;1;1
494960;269;0;1;1
495035;269;0;1;0
495284;269;0;0;1
495324;3;1;1;1
495377;0;1;1;1
495449;269;0;1;1
495509;269;0;1;1
495625;269;0;0;0
495674;269;0;1;0
495856;269;0;0;1
495875;0;1;1;1
495879;269;0;1;1
495913;256;0;1;1
496041;269;0;1;1
496070;269;0;1;1
496091;269;0;1;1
496220;269;0;1;0
496243;269;0;1;1
496334;269;0;1;1
496442;269;0;1;1
496674;269;0;1;1
496764;269;0;1;1
497088;269;0;1;1
497130;269;0;1;1
497278;39;1;1;0
497280;269;0;1;1
497468;269;0;1;1
497607;269;0;1;1
497632;269;0;1;1
497793;269;0;1;1
497925;59;1;1;1
498065;269;0;1;1
498131;269;0;1;1
498175;269;0;1;1
498296;269;0;1;0
498371;69;1;1;1
498455;269;0;1;1
498543;269;0;0;1
498635;269;0;0;1
498755;269;0;1;1
498841;233;1;1;1
498857;269;0;0;1
498892;269;0;0;1
498967;269;0;1;1
499027;269;0;1;1
499067;269;0;1;0
499118;269;0;1;1
499373;18;1;1;1
499380;269;0;1;1
499387;269;0;1;1
499483;269;0;1;1
499511;269;0;1;1
499624;138;1;1;1
499822;82;1;1;1
499891;269;0;1;1
499931;269;0;1;1
500016;269;0;1;1
500113;269;0;0;1
500135;269;0;1;0
500279;22;1;1;1
500507;202;1;1;1
500552;269;0;1;1
500585;160;1;1;0
500625;12;1;0;1
500659;107;1;1;0
500668;269;0;1;1
500719;68;1;0;1
500791;269;0;1;1
500815;269;0;1;1
500819;269;0;1;1
500836;269;0;0;0
500958;269;0;0;1
501008;31;1;1;1
501053;269;0;1;1
501208;269;0;1;1
501432;269;0;1;1
501550;269;0;1;1
501637;269;0;1;0
501862;269;0;1;1
501879;269;0;1;1
501945;96;1;1;1
501955;269;0;0;0
502088;269;0;1;0
502131;31;1;1;1
502279;0;1;1;1
502391;269;0;0;1
502441;269;0;1;1
502452;0;1;1;1
502604;269;0;1;1
502621;0;1;1;0
502694;269;0;1;1
502713;269;0;1;1
502717;269;0;1;1
502872;269;0;1;1
503322;269;0;1;1
503353;45;1;1;1
503390;269;0;1;1
503491;269;0;1;1
503509;269;0;1;1
503516;269;0;1;0
503804;269;0;1;1
503878;220;0;1;0
503889;269;0;1;1
504013;269;0;1;1
504014;269;0;1;1
504021;117;1;1;1
504022;269;0;1;1
504028;269;0;1;1
504102;269;0;1;1
504466;269;0;1;1
504635;269;0;1;1
504689;22;1;1;1
504842;0;1;1;1
504936;269;0;1;1
505123;0;1;1;1
505376;269;0;1;1
505413;269;0;1;1
505417;124;1;1;0
505499;0;1;0;1
505592;0;1;1;1
505595;157;1;1;0
505606;269;0;1;1
505694;269;0;1;1
505871;269;0;1;1
505959;269;0;1;1
505961;269;0;1;1
506185;269;0;1;1
506233;269;0;1;1
506248;269;0;1;1
506360;269;0;1;1
506650;183;1;1;1
506753;269;0;1;1
506804;269;0;1;1
506980;269;0;1;1
507016;269;0;1;1
507184;20;1;1;1
507221;0;1;1;1
507279;269;0;1;0
507303;0;1;1;1
507320;5;1;0;1
507359;269;0;1;1
507387;269;0;1;1
507389;269;0;1;1
507485;0;1;1;1
507676;269;0;1;1
507685;0;1;1;1
507817;269;0;0;1
507944;0;1;0;1
508028;269;0;1;1
508047;47;1;1;0
508079;269;0;1;1
508103;0;1;1;1
508414;11;1;1;1
508422;269;0;0;1
508452;269;0;1;1
508517;269;0;1;1
508537;269;0;1;1
508662;269;0;1;1
508668;269;0;1;1
508759;219;1;1;1
508818;269;0;0;1
509036;269;0;1;1
509130;0;1;1;1
509226;269;0;1;1
509236;269;0;1;1
509258;269;0;1;1
509295;0;1;1;1
509334;0;1;1;1
509390;269;0;1;0
509607;269;0;1;1
509737;269;0;1;1
509768;269;0;1;1
509797;269;0;1;1
509845;105;1;1;1
509901;269;0;1;0
509913;269;0;1;1
509926;269;0;1;1
510141;104;1;1;0
510149;269;0;1;1
510438;269;0;1;1
510492;269;0;1;1
510556;269;0;1;1
510650;0;1;1;0
510756;269;0;1;1
510776;269;0;1;1
510845;269;0;1;1
510868;0;1;1;1
511050;269;0;0;1
511067;269;0;1;1
511306;269;0;1;1
511459;269;0;1;1
511474;269;0;1;1
511515;269;0;1;1
511524;269;0;1;1
511527;269;0;1;0
511652;0;1;1;1
511678;269;0;1;1
511693;269;0;1;1
512070;269;0;1;1
512180;269;0;1;0
512242;269;0;1;1
512417;269;0;1;1
512460;269;0;0;1
512468;269;0;1;1
512581;269;0;1;1
512775;269;0;1;1
512805;269;0;1;1
512839;269;0;0;1
512883;130;1;1;1
512911;269;0;1;1
512924;0;1;1;1
512929;269;0;1;1
512940;269;0;1;1
512977;269;0;0;1
512995;269;0;1;1
513005;269;0;1;1
513016;0;1;1;0
513076;269;0;1;0
513093;269;0;1;1
513196;0;1;1;1
513210;194;1;1;0
513315;269;0;1;1
513368;0;1;1;1
513648;0;1;1;1
513733;269;0;1;1
513757;269;0;1;1
513836;89;1;1;1
513881;162;1;1;1
514043;269;0;1;1
514074;91;1;1;1
514140;269;0;0;1
514302;269;0;1;1
514365;0;1;1;1
514445;269;0;1;1
514526;0;1;0;0
514776;269;0;1;0
514819;0;1;1;1
514824;0;1;1;1
514864;269;0;1;1
514951;28;1;1;1
514981;269;0;1;1
514987;269;0;1;1
515035;269;0;1;1
515105;269;0;1;1
515130;269;0;1;1
515174;0;1;0;1
515203;269;0;1;1
515209;0;1;1;1
515311;269;0;1;0
515417;269;0;0;1
515474;269;0;1;1
515497;269;0;1;1
515646;269;0;1;1
515676;269;0;1;1
515959;269;0;1;1
516055;0;1;1;1
516057;269;0;1;0
516165;0;1;1;1
516212;0;1;1;1
516214;30;1;1;1
516364;213;1;1;1
516432;269;0;0;1
516447;0;1;1;1
516456;269;0;1;1
516475;269;0;1;1
516495;269;0;1;1
516529;269;0;1;1
516776;269;0;1;1
516841;269;0;1;1
516926;269;0;0;0
517000;269;0;1;1
517016;269;0;1;0
517043;269;0;1;1
517075;0;1;1;1
517175;269;0;0;1
517231;269;0;1;1
517352;269;0;1;1
517474;269;0;1;1
517553;96;1;1;1
517617;269;0;1;1
517701;29;1;1;1
517778;269;0;1;1
517853;269;0;1;1
517890;269;0;1;1
517922;0;1;1;1
518029;103;1;1;1
518126;269;0;1;1
518189;269;0;1;1
518223;269;0;0;0
518258;269;0;1;1
518469;269;0;0;1
518496;269;0;1;0
518808;269;0;1;1
518876;269;0;1;1
518879;269;0;1;0
518904;269;0;1;1
518970;269;0;0;1
519012;269;0;1;1
519222;269;0;1;1
519294;269;0;1;1
519387;269;0;1;1
519584;269;0;1;1
519602;269;0;1;0
519622;269;0;1;0
519647;0;1;1;1
519751;0;1;1;1
519800;269;0;1;1
519945;0;1;1;1
520002;269;0;1;1
520006;269;0;1;1
520024;166;1;1;1
520049;0;1;1;1
520100;269;0;1;1
520153;0;1;1;1
520230;0;1;1;1
520286;269;0;1;1
520325;269;0;1;1
520749;15;1;0;0
520836;269;0;0;1
521069;269;0;0;1
521081;269;0;1;0
521096;269;0;1;1
521209;0;1;0;1
521341;269;0;1;0
521394;269;0;1;1
521430;269;0;1;1
521456;0;1;1;1
521496;269;0;0;1
521509;269;0;1;1
521590;269;0;1;1
521666;269;0;1;1
521764;269;0;1;1
521895;269;0;1;1
521903;269;0;1;0
521957;136;1;1;1
522090;269;0;1;1
522249;269;0;1;1
522302;269;0;1;1
522373;269;0;1;1
522383;269;0;1;0
522426;269;0;1;1
522434;269;0;0;1
522441;269;0;0;1
522443;269;0;1;1
522446;269;0;1;1
522482;52;1;1;1
522512;269;0;1;1
522529;269;0;1;1
522622;269;0;1;1
522650;18;1;1;1
522714;269;0;1;1
522792;269;0;1;1
522889;269;0;1;1
522891;269;0;1;1
522894;269;0;1;1
522899;269;0;1;1
523012;269;0;1;1
523156;4;1;1;1
523331;269;0;1;1
523398;269;0;1;1
523466;269;0;1;1
523545;269;0;1;1
523596;269;0;1;1
523630;269;0;1;1
523655;269;0;1;1
523672;269;0;0;1
523757;269;0;1;1
523789;0;1;1;1
523857;269;0;1;0
523875;269;0;1;1
523885;0;1;1;1
523928;269;0;1;1
523966;269;0;1;1
524076;269;0;1;1
524101;86;1;1;1
524171;269;0;1;1
524452;269;0;1;1
524496;29;0;1;1
524598;269;0;0;1
524769;44;1;1;0
524790;269;0;1;1
524968;0;1;1;1
525501;269;0;1;0
525520;269;0;1;1
525543;0;1;1;1
525679;269;0;1;1
525683;269;0;1;1
525797;269;0;1;1
525869;269;0;1;1
525877;199;1;1;0
525885;269;0;1;1
525942;191;1;0;0
525974;269;0;1;1
526088;269;0;1;1
526177;269;0;1;1
526200;269;0;1;1
526370;269;0;1;1
526506;79;1;1;1
526810;130;1;1;1
527020;269;0;1;0
527100;269;0;0;1
527164;269;0;1;1
527227;269;0;1;1
527313;269;0;1;1
527343;65;1;1;1
527382;33;1;1;0
527393;269;0;1;1
527400;269;0;1;1
527580;269;0;1;1
527636;269;0;1;1
527659;269;0;1;1
527689;0;1;1;1
527799;269;0;0;1
527801;269;0;0;1
527886;269;0;1;1
527980;269;0;1;1
528056;269;0;1;1
528161;269;0;1;1
528175;83;1;1;0
528204;12;1;1;1
528220;100;1;1;1
528250;269;0;1;1
528261;269;0;1;1
528270;0;1;1;1
528353;269;0;1;1
528464;269;0;1;1
528642;0;1;1;1
528649;269;0;0;1
528698;269;0;1;1
528904;269;0;1;1
528918;27;1;1;1
529000;269;0;1;0
529065;269;0;1;1
529118;0;1;1;0
529163;15;1;1;1
529174;269;0;1;1
529212;269;0;1;1
529383;269;0;1;1
529446;269;0;1;1
529452;269;0;1;1
529502;269;0;1;1
529597;269;0;1;0
529767;0;1;1;1
529795;269;0;1;1
530021;269;0;1;1
530065;269;0;1;1
530112;269;0;1;1
530153;269;0;1;1
530215;0;1;1;1
530226;269;0;1;0
530245;4;1;1;1
530266;269;0;1;1
530398;13;1;1;1
530483;0;1;1;1
530487;269;0;1;1
530493;269;0;1;1
530514;269;0;1;0
530669;269;0;1;1
530753;269;0;1;0
530841;269;0;1;1
530987;269;0;1;1
531000;11;1;1;1
531027;269;0;1;1
531205;53;1;1;1
531235;9;1;1;1
531287;0;1;1;1
531384;269;0;1;1
531427;269;0;1;1
531428;44;1;1;1
531464;269;0;1;1
531481;0;1;1;1
531569;269;0;1;1
531573;269;0;1;0
531634;269;0;1;1
531643;269;0;1;1
531689;0;1;1;1
532000;11;1;1;1
532034;269;0;1;1
532114;112;1;1;1
532140;269;0;1;1
532142;34;1;1;1
532317;269;0;1;1
532335;269;0;1;1
532396;41;1;1;1
532477;269;0;1;1
532500;269;0;1;1
532512;199;1;1;1
532534;269;0;0;0
532584;269;0;1;1
532615;269;0;1;1
532665;269;0;1;1
532668;269;0;1;1
532710;269;0;1;0
532739;269;0;1;1
532742;9;1;1;1
532750;269;0;1;1
532839;194;0;1;1
532868;269;0;1;1
532869;269;0;1;1
532886;269;0;1;1
532928;0;1;1;1
532950;269;0;1;1
533068;269;0;0;1
533091;269;0;0;1
533164;136;1;1;1
533301;269;0;1;0
533324;269;0;1;0
533347;269;0;1;1
533365;269;0;1;1
533414;0;1;1;1
533449;18;1;0;1
533512;0;1;1;1
533545;269;0;1;0
533697;132;1;1;1
533722;269;0;1;1
533737;0;1;1;1
533839;269;0;1;1
533846;269;0;1;1
533969;269;0;1;1
533996;86;1;1;1
534051;269;0;1;1
534086;269;0;1;1
534133;269;0;1;1
534151;45;1;1;1
534217;0;1;1;1
534323;269;0;1;1
534343;269;0;0;1
534360;269;0;0;0
534373;269;0;1;1
534426;0;1;1;1
534432;269;0;1;1
534530;269;0;1;1
534652;269;0;1;1
534671;4;1;1;0
534698;269;0;1;1
534709;269;0;1;1
534713;0;1;1;1
534744;269;0;1;1
534758;0;1;1;1
534765;269;0;1;0
534816;269;0;1;1
534830;0;1;1;1
534908;269;0;1;1
534922;0;1;1;1
534946;269;0;1;1
534983;269;0;1;1
534991;269;0;1;1
534998;269;0;1;1
535012;269;0;1;1
535140;269;0;1;1
535145;269;0;1;1
535152;107;1;1;1
535155;145;1;1;1
535168;0;1;1;1
535269;87;1;1;1
535272;0;1;1;1
535278;269;0;1;1
535303;0;1;1;1
535328;269;0;1;1
535379;269;0;1;1
535396;96;1;1;1
535407;269;0;1;1
535468;269;0;1;1
535526;0;1;1;1
535530;269;0;1;0
535558;0;1;1;1
535605;269;0;1;1
535618;269;0;0;1
535755;269;0;1;1
535760;269;0;1;1
535773;269;0;1;1
535778;269;0;1;1
535800;269;0;1;1
535807;269;0;1;1
535820;269;0;1;1
535833;269;0;1;1
536050;269;0;1;1
536112;269;0;1;1
536188;269;0;1;1
536189;269;0;1;1
536203;131;1;1;1
536205;269;0;1;0
536216;269;0;1;1
536243;269;0;1;1
536270;91;1;1;1
536318;269;0;1;1
536409;0;1;1;1
536442;216;1;1;1
536452;269;0;1;1
536471;0;1;1;1
536487;33;1;1;1
536510;79;1;1;0
536519;9;1;1;1
536520;0;1;1;1
536551;269;0;1;1
536632;269;0;1;1
536649;269;0;1;1
536660;269;0;1;1
536663;31;1;0;1
536664;269;0;1;1
536666;269;0;1;1
536670;0;1;1;1
536722;269;0;1;1
536726;269;0;1;1
536852;269;0;1;1
536856;269;0;1;1
536900;269;0;1;1
536992;269;0;1;1
537081;269;0;1;1
537162;269;0;1;1
537193;269;0;1;1
537255;269;0;1;1
537259;269;0;0;1
537263;0;1;1;1
537271;269;0;1;1
537320;57;1;1;1
537342;269;0;1;1
537392;98;1;1;1
537414;269;0;1;1
537433;269;0;1;1
537434;269;0;1;1
537464;269;0;1;1
537473;269;0;1;1
537488;269;0;1;1
537558;269;0;1;1
537572;269;0;1;1
537584;269;0;1;1
537676;269;0;1;1
537679;269;0;1;1
537688;269;0;1;1
537704;269;0;1;1
537844;269;0;1;1
537875;269;0;1;1
537898;269;0;1;1
537905;269;0;1;1
538138;31;1;1;1
538196;76;1;0;1
538210;269;0;1;1
538221;269;0;1;1
538232;64;1;1;1
538897;269;0;1;1
538942;269;0;1;1
538987;269;0;1;1
539041;0;1;1;1
539056;269;0;1;1
539232;170;1;1;1
539253;269;0;1;1
539265;269;0;1;1
539299;0;1;1;1
539303;269;0;1;1
539345;269;0;1;1
539365;269;0;1;1
539385;269;0;1;1
539414;0;1;1;1
539416;269;0;0;1
539418;269;0;1;1
539426;211;1;1;1
539558;269;0;1;1
539572;269;0;1;1
539670;269;0;0;1
539710;269;0;1;1
539737;269;0;1;1
539891;51;1;1;1
539962;269;0;1;1
540005;269;0;1;1
540055;269;0;1;1
540122;0;1;0;1
540184;269;0;1;1
540249;269;0;0;1
540293;269;0;1;1
540511;269;0;1;1
540513;269;0;1;1
540521;269;0;1;1
540530;269;0;1;1
540568;0;1;0;1
540594;4;1;1;1
540602;269;0;1;1
540607;269;0;1;1
540614;269;0;1;1
540656;269;0;1;1
540682;269;0;1;1
540750;269;0;1;1
540767;0;1;1;1
540780;269;0;1;1
540787;44;1;1;1
540826;269;0;1;1
540918;136;1;1;1
540953;18;1;1;1
541013;269;0;1;0
541048;269;0;1;1
541061;13;1;1;1
541073;269;0;1;0
541113;269;0;1;1
541171;164;1;1;1
541196;71;1;1;0
541231;269;0;1;1
541232;269;0;1;1
541274;269;0;0;1
541363;269;0;1;1
541523;269;0;1;1
541573;0;1;1;1
541586;269;0;1;1
541697;269;0;1;1
541702;269;0;1;1
541706;269;0;1;1
541709;0;1;1;1
541727;10;1;1;1
541763;269;0;1;1
541764;269;0;1;1
541794;269;0;1;1
541803;269;0;0;1
541808;269;0;1;1
541822;269;0;1;1
541832;269;0;1;1
541838;26;1;0;1
541842;0;1;1;1
541884;269;0;1;1
541973;269;0;1;1
541985;0;1;1;1
542010;89;1;0;1
542012;269;0;1;1
542081;0;1;1;1
542084;269;0;1;1
542115;269;0;1;1
542172;58;1;1;1
542259;204;1;1;0
542260;269;0;1;0
542291;269;0;1;1
542296;269;0;1;1
542396;30;1;1;1
542472;269;0;1;1
542543;269;0;1;1
542562;22;1;1;0
542574;269;0;1;1
542602;0;1;1;1
542613;269;0;1;1
542622;269;0;1;1
542663;269;0;1;1
542687;269;0;1;1
542692;269;0;1;1
542707;269;0;1;1
542745;269;0;1;1
542748;269;0;1;1
542760;0;1;1;1
542991;269;0;1;1
543021;54;1;0;1
543124;269;0;1;0
543140;269;0;1;1
543165;269;0;0;0
543180;269;0;1;0
543199;0;1;1;1
543279;269;0;1;1
543351;269;0;1;1
543356;269;0;1;1
543365;0;1;1;1
543408;82;1;1;1
543418;115;1;1;1
543428;269;0;1;1
543465;269;0;1;1
543473;269;0;1;1
543533;187;1;1;1
543630;269;0;1;1
543719;269;0;1;1
543853;269;0;1;1
543864;269;0;1;1
543896;0;1;1;1
543926;133;1;1;1
543970;269;0;1;1
544017;269;0;1;1
544103;269;0;0;1
544122;269;0;1;1
544186;269;0;0;1
544253;269;0;0;1
544351;269;0;1;1
544408;269;0;1;1
544435;0;1;1;1
544444;48;1;1;1
544455;269;0;1;1
544491;0;1;1;1
544500;269;0;1;1
544519;269;0;1;1
544532;269;0;1;1
544627;156;1;1;1
544632;269;0;1;0
544639;269;0;1;1
544642;269;0;1;1
544686;0;1;1;1
544741;269;0;1;1
544796;0;1;1;1
544848;269;0;1;1
544859;269;0;1;1
544881;269;0;1;1
544890;269;0;1;1
544978;269;0;1;1
544989;269;0;0;1
545001;0;1;1;1
545041;269;0;0;1
545072;269;0;1;1
545191;269;0;1;1
545200;269;0;1;1
545219;16;1;1;1
545223;238;1;1;1
545240;269;0;1;1
545247;269;0;1;1
545297;269;0;1;0
545298;269;0;1;1
545337;16;1;0;1
545340;269;0;1;1
545376;46;1;0;1
545381;269;0;1;1
545392;269;0;1;1
545443;269;0;1;1
545462;269;0;1;1
545480;174;1;1;1
545514;0;1;1;1
545521;22;1;0;0
545658;269;0;1;1
545697;269;0;1;0
545702;269;0;1;1
545725;193;1;1;1
545780;269;0;0;1
545799;0;1;1;1
545803;269;0;1;1
545896;25;1;1;1
545927;0;1;0;1
546015;0;1;1;1
546019;269;0;1;1
546052;269;0;1;1
546124;0;1;1;1
546136;88;1;1;1
546157;269;0;1;1
546195;269;0;0;1
546196;269;0;1;0
546202;269;0;1;1
546322;269;0;1;1
546333;21;1;1;0
546407;269;0;1;1
546428;269;0;1;1
546455;269;0;0;1
546500;269;0;1;1
546533;269;0;1;1
546609;269;0;1;1
546632;269;0;1;1
546681;269;0;1;1
546685;269;0;1;1
546749;269;0;1;1
546786;0;1;1;1
546811;269;0;1;1
546837;269;0;1;1
546843;269;0;1;1
546892;0;1;1;1
546909;269;0;1;0
546921;269;0;0;1
546941;255;0;1;1
546947;75;1;1;1
546958;269;0;1;1
547052;0;1;1;1
547165;269;0;1;1
547192;269;0;1;1
547259;269;0;1;1
547266;0;1;1;1
547267;32;1;0;1
547303;0;1;1;1
547311;269;0;1;1
547372;269;0;1;1
547390;269;0;1;1
547403;269;0;1;1
547409;269;0;1;1
547427;269;0;1;1
547466;269;0;1;1
547472;0;1;0;1
547620;269;0;1;1
547663;269;0;1;1
547689;269;0;1;1
547690;269;0;1;1
547697;269;0;1;1
547718;179;1;1;1
547755;36;1;1;1
547757;269;0;0;1
547841;269;0;1;1
547855;0;1;1;1
547873;269;0;1;0
547892;269;0;1;1
547902;269;0;1;1
547903;269;0;1;1
547979;0;1;1;1
548090;269;0;1;1
548097;269;0;1;0
548106;123;1;1;1
548120;269;0;0;1
548124;269;0;1;1
548197;269;0;1;1
548241;269;0;0;1
548255;269;0;1;1
548275;269;0;1;1
548307;269;0;1;1
548321;0;1;1;1
548334;269;0;1;1
548344;269;0;0;1
548355;3;1;1;1
548403;269;0;1;1
548439;269;0;1;1
548488;159;1;1;0
548504;269;0;0;1
548520;269;0;0;1
548585;93;1;1;1
548617;269;0;1;1
548642;105;1;1;1
548714;269;0;1;1
548744;269;0;0;1
548791;269;0;1;0
548800;0;1;1;1
548813;269;0;1;1
548831;68;1;1;1
548834;269;0;1;1
548838;269;0;1;1
548839;269;0;0;1
548843;269;0;0;1
548871;269;0;1;1
548881;0;1;1;1
548884;269;0;1;1
548885;269;0;1;0
548899;269;0;1;1
548900;12;1;1;1
548921;269;0;1;1
548924;269;0;1;1
548935;269;0;1;1
548954;269;0;1;1
548981;269;0;1;1
548990;0;1;1;1
549009;109;1;1;1
549047;269;0;1;1
549078;269;0;1;1
549106;269;0;1;1
549129;269;0;1;1
549143;8;1;1;1
549158;269;0;1;1
549196;269;0;1;1
549203;269;0;1;1
549204;269;0;1;1
549226;269;0;1;1
549261;269;0;1;1
549278;269;0;1;1
549352;0;1;1;1
549391;269;0;1;1
549406;269;0;1;1
549445;269;0;1;1
549512;13;1;1;1
549563;0;1;0;1
549568;269;0;1;1
549586;269;0;1;1
549590;19;1;1;1
549622;0;1;1;1
549651;269;0;1;1
549713;78;1;1;0
549732;269;0;1;1
549745;132;1;1;1
549754;269;0;1;1
549862;269;0;1;1
549873;242;0;1;1
549907;269;0;1;1
549918;269;0;1;1
550018;269;0;1;1
550051;24;1;1;1
550077;269;0;1;1
550098;269;0;1;1
550106;110;1;1;1
550163;269;0;1;1
550208;0;1;1;0
550209;269;0;1;1
550278;43;1;1;1
550322;269;0;1;1
550342;269;0;1;1
550354;269;0;1;1
550381;269;0;1;0
550383;269;0;0;1
550400;269;0;1;0
550403;269;0;1;1
550412;269;0;1;1
550428;269;0;1;1
550429;269;0;1;1
550520;269;0;1;1
550549;269;0;1;1
550559;32;1;1;1
550597;269;0;1;1
550613;269;0;1;1
550668;269;0;1;1
550676;0;1;1;1
550707;269;0;0;1
550708;269;0;1;1
550777;58;1;0;1
550842;0;1;0;1
550867;124;1;1;1
550880;269;0;1;1
550898;269;0;1;0
550921;269;0;1;1
550923;269;0;1;1
550941;269;0;1;0
550960;111;1;1;1
550963;269;0;1;1
551031;269;0;1;1
551032;269;0;1;1
551053;160;1;1;0
551080;269;0;1;1
551129;269;0;1;0
551136;12;1;1;1
551172;17;1;1;0
551205;269;0;1;1
551219;269;0;1;1
551234;269;0;1;1
551274;269;0;1;1
551282;269;0;1;1
551347;269;0;0;1
551480;269;0;1;1
551487;269;0;1;1
551504;269;0;0;1
551515;0;1;1;1
551576;269;0;1;1
551601;0;1;1;1
551628;9;1;1;0
551655;30;1;1;1
551702;220;1;1;1
551706;269;0;1;1
551714;269;0;1;1
551715;269;0;1;1
551716;269;0;1;1
551724;0;1;1;1
551759;269;0;1;1
551762;0;1;1;1
551770;269;0;1;0
551802;269;0;1;1
551836;269;0;0;1
551886;269;0;1;1
551891;0;1;1;1
551895;269;0;1;1
551906;227;1;1;1
551938;269;0;1;1
551954;269;0;1;1
551985;269;0;1;1
552007;269;0;1;1
552017;269;0;1;1
552025;89;1;0;1
552039;269;0;1;0
552056;0;1;1;1
552069;10;1;1;1
552110;269;0;1;1
552116;269;0;1;1
552135;269;0;1;1
552177;269;0;1;1
552205;269;0;1;1
552222;207;1;1;1
552273;269;0;0;1
552339;269;0;1;1
552399;269;0;1;0
552420;0;1;1;1
552515;269;0;1;1
552535;269;0;0;1
552622;269;0;1;1
552640;1;1;1;1
552667;269;0;0;0
552701;269;0;0;1
552718;269;0;1;1
552719;22;1;1;1
552749;269;0;0;0
552822;269;0;1;1
552826;269;0;1;1
552859;269;0;1;1
552865;53;1;1;1
552883;269;0;1;1
552894;269;0;1;1
552902;269;0;0;1
552914;269;0;1;1
552929;269;0;1;1
552939;0;1;0;1
552991;269;0;0;1
553047;269;0;1;1
553078;269;0;1;1
553125;269;0;1;0
553320;269;0;1;1
553321;269;0;1;1
553442;269;0;1;1
553443;269;0;0;1
553462;269;0;1;1
553487;269;0;1;1
553490;269;0;1;1
553502;269;0;1;1
553508;269;0;1;0
553520;73;1;1;1
553526;0;1;1;1
553556;0;1;1;1
553572;269;0;1;1
553716;269;0;1;1
553729;269;0;1;1
553755;269;0;1;1
553763;269;0;1;1
553800;269;0;1;1
553807;144;1;1;0
553825;269;0;1;1
553840;269;0;1;0
553856;269;0;0;1
553893;269;0;1;1
553938;0;1;1;1
554068;269;0;1;1
554083;269;0;1;1
554139;269;0;1;1
554203;54;1;1;1
554206;269;0;1;0
554226;269;0;0;1
554243;269;0;1;1
554249;0;1;1;1
554290;0;1;1;1
554294;269;0;1;1
554297;269;0;1;1
554314;269;0;1;1
554336;269;0;1;1
554344;269;0;1;1
554352;269;0;1;1
554362;0;1;1;1
554374;269;0;1;1
554393;269;0;0;1
554454;0;1;0;1
554482;0;1;1;1
554512;107;1;1;1
554540;269;0;0;1
554545;52;1;0;1
554551;269;0;1;1
554608;269;0;1;1
554637;7;1;1;1
554783;45;1;1;1
554795;269;0;1;1
554818;129;1;1;1
554830;269;0;0;1
554894;269;0;1;1
554898;269;0;1;1
554920;0;1;0;1
554930;179;1;1;1
554986;269;0;1;1
554998;269;0;0;1
555035;62;1;1;1
555059;269;0;1;1
555061;269;0;1;0
555086;269;0;1;1
555102;269;0;0;1
555157;269;0;0;1
555212;0;1;1;1
555263;269;0;1;1
555309;269;0;0;1
555338;0;1;1;0
555346;269;0;1;0
555407;269;0;1;1
555414;269;0;1;1
555552;1;1;1;0
555614;269;0;1;1
555627;269;0;0;1
555667;269;0;1;1
555670;269;0;1;1
555672;269;0;1;1
555673;269;0;1;1
555674;269;0;0;1
555675;269;0;1;1
555695;269;0;1;1
555707;0;1;1;1
555721;269;0;1;1
555747;269;0;1;0
555789;0;1;1;1
555837;159;1;1;1
555838;269;0;1;1
555880;269;0;0;0
555902;269;0;1;1
555909;54;1;1;0
555930;269;0;1;1
555935;210;1;1;1
555946;269;0;1;1
555995;0;1;1;1
556062;269;0;1;1
556077;16;1;0;1
556089;269;0;1;1
556138;87;1;1;1
556175;269;0;0;1
556224;269;0;1;1
556228;269;0;0;1
556284;269;0;0;1
556292;269;0;1;1
556301;269;0;1;1
556318;269;0;1;1
556349;269;0;1;1
556427;133;1;1;1
556481;28;1;1;1
556502;269;0;1;1
556553;269;0;1;1
556568;66;1;1;1
556585;0;1;1;1
556592;269;0;1;1
556605;269;0;1;1
556637;12;1;1;1
556648;269;0;1;1
556692;168;1;1;1
556738;269;0;1;1
556840;57;1;1;1
556860;269;0;1;1
556863;95;1;1;1
556865;269;0;1;1
556871;269;0;1;1
556876;269;0;1;1
556877;109;1;1;1
556878;269;0;1;1
556882;40;1;1;1
556883;269;0;1;1
556887;269;0;1;1
556892;269;0;1;1
556898;269;0;1;1
556929;0;1;1;1
556959;269;0;1;1
556972;269;0;1;1
556986;32;1;1;0
556987;269;0;1;1
556988;13;1;1;1
556990;269;0;1;1
556992;269;0;1;1
556997;269;0;1;1
556999;269;0;1;1
557006;269;0;1;1
557024;269;0;1;1
557032;269;0;1;1
557057;269;0;0;1
557060;269;0;1;1
557145;269;0;1;1
557155;0;1;1;1
557170;0;1;1;1
557220;269;0;1;1
557285;269;0;1;1
557308;269;0;1;1
557325;269;0;1;1
557338;0;1;1;1
557351;269;0;1;1
557451;269;0;1;1
557528;269;0;1;1
557594;269;0;1;1
557622;269;0;1;1
557652;269;0;1;1
557709;89;1;1;1
557729;0;1;1;1
557758;269;0;1;1
557775;269;0;1;1
557803;269;0;0;1
557827;269;0;1;0
557865;269;0;1;1
557935;269;0;1;0
557938;47;1;1;1
557968;269;0;1;1
557979;269;0;1;1
557997;0;1;0;1
558024;269;0;1;1
558035;156;1;1;1
558040;269;0;1;1
558042;269;0;1;1
558066;269;0;1;1
558068;269;0;1;1
558075;269;0;1;1
558092;269;0;1;0
558099;269;0;1;1
558113;269;0;1;1
558114;269;0;1;1
558146;138;1;1;1
558163;39;1;1;1
558168;269;0;1;1
558212;0;1;1;1
558231;0;1;1;1
558247;269;0;1;1
558250;269;0;1;1
558324;73;1;0;1
558326;0;1;1;1
558333;269;0;1;1
558373;269;0;0;1
558395;0;1;0;1
558435;269;0;1;1
558533;269;0;1;1
558602;269;0;1;1
558622;269;0;1;1
558654;24;1;1;1
558661;269;0;1;1
558662;269;0;1;1
558689;269;0;1;1
558701;64;1;1;1
558703;269;0;1;1
558747;269;0;1;1
558755;269;0;1;1
558769;269;0;1;1
558809;269;0;1;1
558820;269;0;1;1
558903;269;0;1;1
558955;269;0;1;1
558962;269;0;1;1
558965;269;0;1;1
558974;0;1;1;1
558983;269;0;1;0
559011;46;1;1;1
559031;269;0;1;1
559139;41;1;1;1
559168;269;0;0;1
559173;269;0;1;1
559180;269;0;1;1
559227;5;1;1;1
559253;269;0;1;1
559291;0;1;1;1
559344;0;1;0;1
559350;269;0;1;0
559382;269;0;1;1
559389;269;0;1;1
559414;269;0;1;1
559425;72;1;1;1
559452;269;0;0;1
559458;269;0;1;1
559475;269;0;1;1
559495;269;0;1;1
559584;269;0;1;1
559595;269;0;1;1
559603;269;0;1;1
559606;269;0;1;1
559608;269;0;1;1
559610;269;0;1;1
559611;269;0;1;1
559651;269;0;1;1
559685;269;0;1;1
559697;74;1;1;1
559744;269;0;1;1
559808;269;0;1;1
559851;269;0;1;1
559989;269;0;1;1
560005;46;1;1;1
560012;269;0;1;1
560030;269;0;1;1
560074;269;0;1;0
560075;269;0;1;1
560102;0;1;1;1
560117;160;1;0;1
560160;269;0;1;1
560161;0;1;1;1
560170;269;0;1;1
560185;10;1;1;1
560208;269;0;0;1
560319;269;0;1;1
560335;76;1;1;1
560430;269;0;1;1
560455;269;0;1;1
560458;0;1;1;1
560468;269;0;1;1
560490;0;1;1;1
560559;0;1;1;1
560567;269;0;1;1
560676;269;0;1;1
560773;269;0;1;1
560891;269;0;1;1
560920;41;1;1;1
560968;269;0;1;1
560970;269;0;0;1
561138;269;0;1;1
561161;269;0;1;1
561164;269;0;0;1
561166;269;0;1;1
561167;269;0;1;1
561312;269;0;1;1
561343;269;0;0;1
561366;52;1;1;1
561437;269;0;1;1
561444;269;0;1;1
561445;269;0;1;1
561448;269;0;1;1
561452;269;0;1;1
561455;269;0;1;1
561457;269;0;1;1
561458;269;0;1;1
561459;269;0;1;1
561461;269;0;1;1
561467;57;1;1;1
561534;269;0;1;1
561549;269;0;1;1
561591;269;0;1;1
561640;269;0;1;1
561674;1;1;1;1
561711;269;0;0;1
561713;269;0;0;1
561715;269;0;0;1
561716;269;0;1;1
561718;269;0;0;1
561841;269;0;1;1
561932;269;0;0;1
562090;269;0;1;1
562146;0;1;1;1
562270;269;0;0;1
562456;269;0;1;1
562465;269;0;1;1
562483;269;0;0;1
562489;269;0;1;1
562494;85;1;0;1
562495;269;0;0;0
563022;0;1;1;1
563063;0;1;1;1
563157;93;1;1;1
563174;269;0;1;1
563330;269;0;0;1
563363;269;0;1;1
563374;269;0;0;1
563706;269;0;1;1
563733;269;0;1;1
563735;269;0;1;1
563769;269;0;1;1
563794;269;0;1;1
563874;269;0;1;1
563877;269;0;1;1
563878;269;0;1;1
563879;269;0;1;1
564105;269;0;1;1
564129;269;0;0;1
564144;269;0;1;1
564245;269;0;1;1
564268;269;0;1;1
564300;0;1;1;1
564450;269;0;0;1
564596;243;1;1;1
564626;269;0;0;1
564791;0;1;1;1
564792;269;0;0;1
564898;269;0;1;1
564930;0;1;1;1
564958;269;0;1;0
564972;17;1;1;1
565035;269;0;1;1
565393;269;0;1;1
565402;0;1;1;1
565513;269;0;1;1
565518;0;1;1;1
565582;269;0;1;1
565607;269;0;1;1
565715;269;0;1;1
565819;0;1;1;1
565870;269;0;1;1
565888;269;0;1;1
565919;269;0;1;1
566133;269;0;1;1
566339;269;0;1;0
566346;269;0;1;1
566358;269;0;1;1
566369;269;0;1;1
566392;269;0;1;0
566407;269;0;0;1
566415;269;0;1;1
566720;269;0;1;1
566813;269;0;1;1
566814;269;0;1;1
567013;269;0;0;0
567033;269;0;1;0
567059;0;1;1;1
567145;0;1;1;1
567160;269;0;1;1
567262;269;0;0;1
567363;269;0;1;1
567402;269;0;1;0
567429;269;0;1;1
567500;269;0;1;1
567598;0;1;1;1
567627;269;0;1;1
567754;269;0;1;1
567915;269;0;1;1
567922;0;1;1;1
567925;0;1;1;1
567929;269;0;1;1
567958;269;0;0;0
567979;269;0;1;1
568074;269;0;1;1
568293;0;1;1;1
568370;138;1;1;1
568474;269;0;1;1
568502;269;0;1;1
568523;0;1;1;1
568533;269;0;1;1
568601;123;1;1;1
568609;138;1;0;1
568775;69;1;1;1
569035;269;0;1;1
569141;269;0;1;1
569334;269;0;1;1
569426;0;1;1;1
569505;269;0;1;1
569854;269;0;1;1
569862;269;0;0;1
569930;269;0;1;1
570137;269;0;1;1
570157;269;0;1;1
570168;269;0;1;1
570177;11;1;1;1
570271;269;0;1;1
570287;269;0;1;1
570317;269;0;0;1
570351;269;0;0;1
570519;269;0;1;1
570623;269;0;1;1
570759;269;0;1;1
570783;269;0;1;1
570862;6;1;1;1
570864;269;0;1;1
570970;0;1;0;0
571083;269;0;1;1
571143;269;0;1;1
571441;269;0;1;1
571503;269;0;1;1
571516;269;0;1;1
571540;0;1;1;1
571554;269;0;0;1
571601;11;1;1;1
571672;269;0;1;1
571681;269;0;1;1
571693;269;0;1;1
571770;0;1;1;1
571779;269;0;1;1
571794;0;1;1;1
571871;269;0;1;1
571885;269;0;1;1
571907;269;0;1;1
572029;0;1;1;1
572051;269;0;1;1
572054;0;1;1;1
572067;269;0;1;1
572103;269;0;1;1
572131;269;0;1;1
572163;163;1;1;1
572173;269;0;1;1
572277;269;0;0;1
572302;136;1;0;1
572416;269;0;1;0
572436;269;0;1;1
572447;269;0;1;1
572495;95;1;1;1
572504;269;0;1;1
572508;269;0;1;1
572514;269;0;1;1
572626;0;1;1;1
572652;269;0;0;1
572733;269;0;1;1
572739;143;1;1;1
572752;269;0;1;1
572765;269;0;1;1
572770;0;1;1;1
572898;269;0;1;1
572918;269;0;1;1
572937;269;0;1;1
573043;269;0;1;1
573063;269;0;1;1
573159;100;1;1;1
573208;269;0;1;0
573217;269;0;1;1
573223;269;0;0;1
573225;269;0;1;1
573275;269;0;1;0
573321;269;0;1;1
573409;0;1;1;0
573411;269;0;1;1
573431;0;1;1;1
573433;269;0;1;1
573441;93;1;1;1
573453;269;0;1;1
573485;0;1;1;1
573487;269;0;1;1
573519;269;0;1;1
573578;269;0;1;1
573654;269;0;1;1
573683;0;1;0;1
573694;54;1;1;1
573758;0;1;1;1
573777;269;0;1;1
573790;269;0;1;1
573810;0;1;1;1
573821;269;0;1;1
573831;269;0;1;0
573893;269;0;1;1
573986;269;0;1;1
574002;269;0;1;1
574051;269;0;1;1
574053;0;1;0;1
574065;269;0;1;1
574125;269;0;1;1
574146;0;1;1;1
574194;269;0;1;1
574212;269;0;1;1
574250;269;0;1;1
574276;0;1;1;1
574319;46;1;1;1
574320;269;0;0;1
574348;269;0;1;0
574505;269;0;1;1
574549;269;0;1;1
574591;0;1;1;1
574648;269;0;1;1
574674;0;1;1;1
574708;269;0;0;0
574727;0;1;1;1
574766;269;0;1;1
574783;0;1;1;1
574810;0;1;1;1
574962;0;1;1;1
574973;269;0;1;1
574998;0;1;1;1
575018;269;0;1;1
575089;269;0;1;1
575100;269;0;1;1
575124;269;0;0;1
575207;0;1;0;1
575281;269;0;1;1
575290;269;0;0;0
575387;269;0;1;1
575421;0;1;1;1
575423;22;1;1;1
575480;269;0;1;1
575520;263;1;1;1
575560;269;0;1;1
575672;0;1;1;1
575681;269;0;1;1
575794;0;1;1;1
575897;269;0;1;1
575927;51;1;1;1
575929;269;0;1;1
575930;269;0;1;1
575982;269;0;0;1
575992;0;1;1;1
576046;2;1;1;1
576098;0;1;1;1
576158;269;0;1;1
576226;269;0;1;1
576375;0;1;1;1
576483;269;0;1;1
576513;0;1;0;1
576524;269;0;1;1
576550;0;1;1;1
576600;269;0;1;1
576664;0;1;1;1
576714;107;1;0;1
576815;269;0;1;1
576841;269;0;0;1
576882;269;0;1;1
576935;269;0;1;1
576940;269;0;1;1
576946;269;0;1;1
576947;269;0;1;1
576981;269;0;1;1
576983;66;1;1;1
576985;0;1;1;1
576996;123;1;1;1
577007;15;1;1;0
577049;0;1;1;1
577069;269;0;1;1
577096;269;0;1;1
577099;269;0;1;1
577215;0;1;1;1
577239;0;1;1;1
577256;269;0;1;1
577280;269;0;1;1
577286;269;0;0;1
577347;269;0;1;1
577376;269;0;1;0
577449;0;1;0;1
577498;269;0;1;1
577648;269;0;1;1
577659;66;1;1;1
577680;269;0;1;1
577692;269;0;1;1
577695;1;1;1;1
577824;269;0;1;1
577905;30;1;1;1
577914;269;0;1;1
577915;269;0;1;1
577949;269;0;0;1
577965;9;1;1;1
577980;269;0;1;1
577992;0;1;0;1
578030;269;0;1;1
578057;269;0;1;1
578062;269;0;1;1
578109;269;0;1;1
578197;269;0;1;1
578264;0;1;1;0
578362;269;0;1;1
578447;269;0;0;0
578520;269;0;0;1
578546;269;0;1;1
578578;269;0;1;1
578598;0;1;1;1
578600;269;0;1;1
578676;269;0;1;1
578717;269;0;1;1
578739;4;1;1;1
578854;61;1;1;1
578953;29;1;1;1
579046;0;1;1;1
579050;0;1;1;1
579255;83;1;1;1
579256;0;1;1;1
579259;18;1;1;1
579279;269;0;1;1
579300;0;1;1;1
579316;269;0;1;1
579448;0;1;1;1
579486;102;1;0;1
579549;269;0;1;1
579571;269;0;1;1
579575;269;0;1;1
579619;269;0;1;1
579718;269;0;1;1
579762;269;0;1;1
580094;269;0;1;1
580314;269;0;1;1
580328;11;1;0;1
580346;269;0;1;1
580360;269;0;1;1
580389;269;0;0;1
580412;131;1;1;1
580497;11;1;1;1
580540;269;0;1;0
580592;164;1;1;1
580612;269;0;1;1
580646;269;0;1;1
580654;0;1;1;1
580684;269;0;1;1
580854;0;1;1;1
580880;269;0;0;1
580883;269;0;1;1
580960;269;0;1;1
580975;269;0;1;1
581016;0;1;1;1
581027;269;0;1;1
581038;269;0;1;1
581129;269;0;0;1
581139;269;0;1;1
581235;153;1;1;1
581305;269;0;1;1
581431;269;0;1;1
581492;0;1;1;1
581493;0;1;1;1
581530;269;0;1;1
581586;269;0;1;1
581625;269;0;1;1
581657;269;0;1;1
581672;0;1;1;1
581826;130;1;0;0
581959;0;1;1;1
582084;0;1;1;1
582093;269;0;1;1
582123;269;0;1;1
582182;269;0;0;1
582184;167;1;1;1
582190;269;0;1;1
582218;269;0;1;1
582243;69;1;1;1
582301;269;0;1;1
582305;269;0;0;1
582333;269;0;1;1
582390;269;0;1;1
582394;269;0;1;1
582404;0;1;1;1
582406;269;0;1;1
582439;269;0;1;1
582443;0;1;1;1
582446;269;0;1;1
582469;0;1;0;1
582474;269;0;1;1
582574;269;0;1;1
582578;269;0;1;1
582591;269;0;1;1
582636;269;0;1;1
582650;269;0;1;1
582806;19;1;1;0
582833;269;0;0;1
582878;269;0;1;0
582940;269;0;1;1
582958;269;0;1;1
582963;0;1;1;1
582975;269;0;1;1
583007;269;0;0;0
583012;269;0;1;0
583021;0;1;1;1
583039;269;0;1;1
583065;0;1;1;1
583098;269;0;1;1
583113;269;0;1;1
583142;241;1;1;1
583170;269;0;0;1
583179;0;1;1;1
583191;269;0;1;1
583235;0;1;1;1
583240;269;0;1;0
583255;55;1;1;1
583301;269;0;1;1
583333;0;1;1;1
583367;269;0;1;1
583429;0;1;0;1
583433;269;0;1;1
583459;269;0;1;1
583473;269;0;0;1
583534;269;0;1;1
583598;269;0;1;1
583609;269;0;1;1
583645;269;0;1;1
583708;269;0;1;1
583832;0;1;1;1
583873;269;0;0;1
583964;269;0;1;1
583967;0;1;1;1
583970;269;0;1;1
583977;269;0;0;1
584042;269;0;1;1
584178;269;0;1;1
584223;0;1;1;1
584238;269;0;1;1
584325;214;1;1;1
584342;0;1;1;1
584374;0;1;1;1
584408;269;0;1;1
584534;0;1;1;0
584580;269;0;1;1
584588;0;1;1;1
584611;269;0;1;1
584676;0;1;1;1
584735;143;1;0;1
584762;44;1;1;1
584766;269;0;1;1
584813;269;0;0;1
584892;0;1;1;1
585004;0;1;1;1
585074;269;0;1;1
585170;269;0;0;1
585200;269;0;1;1
585212;269;0;1;1
585342;0;1;1;1
585355;269;0;1;1
585406;269;0;1;1
585459;0;1;1;1
585461;0;1;1;1
585603;269;0;1;1
585611;269;0;1;1
585618;0;1;1;1
585644;269;0;0;1
585652;269;0;0;1
585693;269;0;1;1
585764;21;1;1;0
585779;269;0;1;1
585790;269;0;1;1
585816;269;0;1;1
585915;269;0;1;0
585963;269;0;1;0
586072;269;0;1;1
586078;269;0;1;1
586145;269;0;1;1
586165;269;0;1;1
586346;269;0;1;1
586393;269;0;1;1
586407;18;1;1;1
586416;269;0;1;1
586440;269;0;1;1
586450;0;1;1;1
586490;269;0;1;1
586516;60;1;1;1
586535;269;0;1;0
586581;269;0;1;1
586720;269;0;0;1
586742;269;0;1;1
586836;269;0;1;1
586843;269;0;1;1
586854;0;1;1;1
586882;269;0;1;1
586890;0;1;1;1
586928;269;0;1;1
586975;0;1;1;0
586996;269;0;1;1
587051;269;0;1;1
587071;269;0;1;0
587120;0;1;1;1
587155;0;1;1;1
587192;269;0;1;1
587194;269;0;1;1
587219;89;1;1;1
587223;269;0;1;1
587285;44;1;1;1
587297;269;0;1;1
587349;0;1;1;1
587409;269;0;1;1
587418;269;0;1;1
587423;269;0;1;1
587564;269;0;1;1
587623;0;1;1;1
587665;0;1;1;1
587702;269;0;1;1
587722;269;0;0;1
587732;269;0;1;1
587754;269;0;1;1
587755;269;0;0;1
587810;269;0;1;1
587824;269;0;1;1
587838;128;1;1;1
587851;0;1;1;1
587923;269;0;1;0
587961;269;0;1;1
587985;269;0;1;1
588117;164;0;1;1
588477;269;0;0;1
588775;269;0;0;1
591774;269;0;0;1
593846;227;1;0;1
593987;269;0;1;1
596288;269;0;1;1
598070;0;1;1;1
603834;269;0;1;1
603861;208;1;0;1
606143;269;0;0;1
608440;0;1;1;1
623710;0;1;1;1
623840;269;0;0;1
626240;269;0;0;1
628088;51;1;0;0
628312;4;1;1;1
630142;166;1;0;1
630346;269;0;1;0
637665;269;0;1;1
639053;269;0;0;1
642878;73;1;0;1
648130;235;1;0;1
676546;176;1;0;1
677186;269;0;0;1
677281;269;0;0;1
684180;269;0;0;1
687698;269;0;0;1
696073;269;0;1;1
696578;182;1;0;1
704156;269;0;0;1
705379;269;0;0;1
721259;116;1;1;1
749412;269;0;0;1
760729;269;0;0;1
852847;269;0;0;1
905042;269;0;1;1
949618;269;0;1;1
958987;269;0;0;1
968578;269;0;1;1
969076;173;1;0;1
971027;269;0;1;1
978739;269;0;0;1
998493;269;0;1;1
1008675;269;0;1;1
1035023;269;0;1;1
1045203;269;0;0;1
1098728;269;0;1;1
1105478;269;0;0;1
1112555;269;0;1;1
1183831;170;1;0;1
1268696;269;0;0;1
1336190;269;0;0;1
1352868;257;0;0;1
1398979;214;1;1;1
1401935;269;0;0;1
1402638;269;0;1;1
1413989;47;1;1;1
1414443;269;0;1;1
1436591;269;0;0;0
1456619;63;1;0;1
1465690;269;0;0;1
1469279;0;1;1;1
1471214;269;0;0;1
1472925;269;0;1;0
1480800;269;0;1;1
1484804;269;0;1;1
1488959;269;0;0;1
1493476;269;0;0;1
1511033;269;0;0;1
1518989;269;0;1;1
1521540;269;0;1;1
1536591;159;1;1;1
1574398;269;0;1;1
1576513;269;0;1;1
1609002;269;0;1;1
1618738;269;0;0;1
1620151;269;0;0;1
1626710;269;0;0;1
1629771;269;0;0;1
1640609;269;0;0;1
1659662;269;0;1;1
1676594;31;1;0;1
1678401;269;0;1;1
1686521;28;1;1;1
1686551;62;1;1;1
1689639;108;1;1;1
1715896;269;0;0;1
1721270;269;0;0;1
1721462;269;0;1;0
1728437;269;0;1;1
1729319;269;0;1;1
1730702;124;1;1;1
1746134;269;0;0;1
1747892;269;0;1;1
1753965;269;0;0;1
1757766;269;0;1;1
1758449;102;1;0;1
1763015;0;1;1;1
1765788;269;0;0;1
1770733;269;0;1;1
1771053;61;1;1;1
1773377;269;0;0;1
1776925;269;0;0;1
1789199;269;0;1;1
1797614;269;0;0;1
1799111;269;0;0;1
1801229;269;0;0;1
1801641;269;0;0;1
1818673;269;0;1;1
1839386;37;1;1;1
1847146;269;0;1;1
1847830;269;0;0;1
1858523;179;1;1;1
1860318;269;0;0;0
1889511;269;0;0;1
1889577;269;0;1;0
1894188;269;0;1;1
1903527;269;0;1;1
1904710;43;1;1;0
1912438;269;0;1;1
1923618;269;0;1;1
1926668;269;0;0;1
1930254;269;0;1;1
1930367;269;0;1;1
1937864;269;0;1;1
1938355;269;0;0;1
1942396;269;0;1;0
1947156;269;0;1;1
1967783;269;0;1;0
1970390;269;0;0;1
1971393;269;0;1;1
1975209;269;0;0;1
1976139;269;0;0;1
1993672;145;1;1;0
1996746;0;1;1;1
1997796;269;0;1;1
2010232;269;0;1;1
2011876;269;0;1;0
2012966;269;0;0;1
2019837;88;1;1;1
2023366;269;0;1;1
2034350;43;1;0;1
2035022;269;0;1;0
2045084;269;0;0;1
2051699;269;0;1;1
2057803;269;0;0;1
2062879;269;0;1;1
2065691;119;1;0;0
2073016;234;0;1;1
2076177;20;1;1;1
2080474;269;0;1;1
2083877;269;0;1;1
2084066;269;0;1;1
2085209;269;0;1;1
2086400;269;0;0;1
2092834;269;0;1;1
2097916;269;0;1;1
2104505;269;0;0;1
2122180;269;0;1;1
2132811;269;0;1;0
2139353;248;0;0;1
2143752;269;0;1;1
2146792;269;0;0;1
2148681;269;0;1;1
2149225;10;1;0;0
2153153;269;0;1;1
2155014;269;0;1;0
2158048;46;1;1;1
2158196;55;1;1;1
2164705;269;0;1;1
2165164;269;0;1;1
2168833;19;1;0;1
2171627;269;0;1;1
2173572;269;0;1;1
2182846;269;0;1;1
2194100;269;0;1;1
2197016;269;0;1;1
2205383;269;0;1;1
2207874;269;0;1;1
2208424;269;0;0;1
2210318;269;0;0;1
2216178;269;0;1;1
2229865;269;0;1;1
2231614;269;0;1;0
2236738;269;0;0;1
2240349;269;0;0;1
2243551;269;0;1;1
2244332;269;0;0;1
2244724;269;0;1;1
2249372;269;0;1;1
2254619;269;0;1;1
2255601;174;1;1;1
2265234;9;1;1;1
2268379;269;0;1;1
2269480;269;0;1;1
2273119;51;1;1;1
2273828;209;1;1;1
2277857;269;0;1;1
2278464;269;0;0;1
2279538;269;0;1;1
2280038;269;0;0;1
2287671;0;1;1;0
2288607;269;0;1;1
2290090;269;0;1;1
2291598;269;0;1;0
2293443;269;0;1;0
2293923;269;0;0;1
2296749;269;0;1;1
2297896;269;0;1;1
2300911;131;1;1;1
2301111;45;1;1;1
2302925;94;1;1;1
2303034;269;0;1;0
2303848;0;1;0;1
2308528;269;0;0;1
2312620;176;1;1;1
2313257;0;1;0;1
2318055;244;0;0;1
2322046;58;1;1;0
2322342;269;0;1;1
2324976;0;1;1;1
2327072;269;0;1;1
2329342;269;0;1;1
2330254;269;0;0;1
2336550;269;0;1;1
2339528;269;0;1;1
2340190;269;0;1;1
2342426;269;0;0;1
2344901;269;0;1;1
2355470;269;0;0;1
2358056;269;0;1;1
2358969;256;0;1;1
2363863;269;0;1;1
2364471;269;0;1;0
2365101;0;1;0;1
2366070;70;1;1;1
2367155;269;0;1;1
2369266;269;0;1;1
2369415;269;0;0;1
2375144;84;1;1;1
2375975;269;0;1;0
2376496;269;0;1;1
2376628;269;0;1;1
2377567;269;0;1;1
2380539;269;0;1;1
2384819;269;0;1;1
2391984;238;1;0;1
2394212;0;1;1;1
2395222;269;0;1;1
2397661;269;0;1;1
2398313;269;0;0;1
2399361;0;1;1;1
2404408;269;0;1;1
2411661;269;0;1;1
2411778;193;1;0;1
2412002;269;0;0;1
2412967;269;0;1;1
2415962;14;1;0;0
2418877;76;1;1;0
2422639;16;1;1;1
2423078;30;1;0;1
2425333;269;0;1;0
2425726;68;1;1;1
2425993;269;0;0;1
2429854;112;1;0;0
2432796;269;0;1;1
2434159;269;0;0;1
2436812;269;0;1;1
2437837;269;0;1;1
2439201;269;0;1;1
2442685;269;0;0;1
2444088;269;0;1;1
2444102;0;1;1;1
2444703;269;0;1;1
2445088;128;1;0;1
2445949;269;0;0;1
2446144;269;0;1;1
2449878;269;0;1;1
2456480;269;0;0;1
2457256;269;0;0;1
2458355;269;0;0;1
2458984;269;0;1;0
2460080;269;0;0;1
2461190;269;0;0;1
2464963;269;0;1;1
2466123;38;1;1;0
2467267;269;0;0;1
2469673;269;0;1;1
2470672;269;0;1;1
2470694;266;0;1;1
2473538;269;0;1;1
2474493;269;0;1;1
2474849;54;1;1;1
2475034;0;1;1;1
2475780;269;0;1;1
2476649;269;0;1;1
2479954;269;0;0;1
2480865;0;1;1;1
2481224;269;0;0;0
2481765;269;0;1;1
2481901;269;0;0;1
2482700;269;0;0;1
2483179;269;0;1;1
2483568;269;0;1;1
2486127;269;0;1;1
2487541;269;0;1;1
2494700;269;0;0;1
2498182;269;0;0;1
2498299;269;0;1;1
2498700;269;0;1;1
2500258;269;0;1;1
2507842;36;1;1;1
2509639;269;0;0;1
2512392;163;1;1;1
2514368;269;0;0;1
2514898;269;0;1;1
2516503;269;0;0;1
2517864;269;0;1;1
2518069;269;0;0;1
2518653;269;0;1;1
2521459;269;0;1;1
2521745;269;0;1;1
2521865;269;0;1;0
2522093;269;0;1;1
2522927;269;0;1;1
2523736;269;0;0;1
2524127;269;0;1;1
2528352;0;1;1;1
2528966;269;0;1;0
2529279;269;0;1;1
2531031;269;0;1;1
2532302;269;0;1;1
2534033;0;1;0;0
2535788;269;0;1;1
2536991;269;0;0;1
2540168;226;1;1;1
2540362;269;0;1;1
2540746;8;1;1;1
2541120;269;0;1;1
2542724;5;1;1;1
2546445;69;1;0;1
2550279;269;0;1;1
2551220;269;0;1;1
2551797;269;0;1;1
2551932;177;1;0;1
2552472;195;1;1;1
2553749;219;1;1;1
2555340;269;0;1;1
2557283;269;0;0;1
2559575;269;0;0;1
2560219;269;0;1;1
2562034;269;0;0;1
2566163;269;0;1;1
2566592;269;0;1;1
2568958;269;0;1;1
2569163;269;0;1;1
2569324;264;0;0;1
2570633;0;1;1;1
2571447;269;0;1;1
2572118;269;0;1;1
2574528;269;0;0;1
2574583;269;0;0;1
2574990;269;0;1;1
2575914;216;1;1;0
2576122;37;1;0;1
2578041;0;1;1;1
2578567;269;0;1;1
2578676;269;0;0;1
2578995;269;0;1;0
2579459;269;0;1;1
2580439;269;0;1;1
2581477;269;0;1;1
2581528;269;0;1;1
2584873;269;0;1;1
2586560;269;0;1;1
2587260;0;1;1;1
2591421;162;1;1;1
2594139;269;0;1;1
2595841;269;0;1;1
2596621;269;0;0;1
2597027;0;1;1;1
2598220;269;0;1;1
2598871;269;0;1;1
2599352;269;0;1;1
2600688;269;0;0;1
2601889;269;0;0;1
2602338;269;0;1;1
2602809;269;0;1;1
2606098;269;0;1;1
2606802;269;0;0;1
2608235;269;0;1;1
2608453;269;0;1;1
2612483;269;0;1;1
2613116;269;0;1;1
2616787;269;0;1;0
2617002;269;0;1;1
2617596;269;0;1;1
2617650;0;1;1;1
2617999;269;0;1;1
2620178;269;0;0;1
2620584;269;0;0;0
2622465;269;0;0;1
2624961;269;0;1;1
2626410;166;1;1;1
2630087;0;1;1;1
2633226;269;0;0;1
2635505;269;0;1;1
2635829;269;0;1;1
2639449;269;0;0;1
2639540;269;0;1;1
2639611;269;0;1;1
2639641;269;0;0;1
2641155;269;0;0;1
2641393;269;0;1;1
2642029;269;0;1;1
2642616;269;0;1;1
2642935;269;0;1;1
2643002;269;0;1;1
2645061;269;0;1;1
2645733;269;0;1;1
2648611;269;0;1;1
2649800;269;0;0;1
2649826;269;0;0;1
2649947;269;0;1;1
2650282;269;0;0;1
2654302;269;0;0;1
2654411;269;0;0;1
2654628;269;0;1;1
2664024;269;0;0;1
2664301;269;0;1;1
2666246;269;0;0;1
2669816;269;0;0;1
2671132;269;0;0;1
2676809;269;0;1;1
2677624;269;0;0;1
2678643;269;0;1;1
2680312;269;0;0;1
2680770;90;1;1;1
2685831;269;0;1;1
2685865;269;0;1;1
2688067;269;0;0;1
2688166;269;0;0;1
2689958;269;0;0;1
2690062;31;1;1;1
2691206;269;0;1;1
2691244;269;0;0;1
2692381;0;1;1;1
2692384;269;0;0;1
2692514;269;0;0;1
2693974;0;1;1;1
2694424;269;0;0;1
2694788;269;0;1;0
2698257;269;0;0;1
